open_time,open,high,low,close,volume,close_time,quote_volume,count,taker_buy_volume,taker_buy_quote_volume,ignore
1759276800000,4142.75,4150.00,4120.61,4146.65,103545.946,1759280399999,428321602.16579,163828,51786.981,214263101.50367,0
1759280400000,4146.65,4172.47,4139.94,4168.68,119141.056,1759283999999,495209230.84875,181554,62675.957,260504332.43944,0
1759284000000,4168.68,4168.93,4150.00,4150.99,80770.685,1759287599999,335968176.61650,123101,33136.240,137835516.80710,0
1759287600000,4151.00,4151.97,4126.05,4126.84,123666.298,1759291199999,511985898.55131,168925,50982.733,211078697.20117,0
1759291200000,4126.84,4155.00,4124.35,4138.47,102205.863,1759294799999,423423130.98761,163908,50240.912,208172781.13529,0
1759294800000,4138.47,4155.93,4137.79,4142.37,67623.710,1759298399999,280476930.49385,115744,38030.334,157760498.23174,0
1759298400000,4142.36,4145.38,4121.33,4124.64,105180.067,1759301999999,434744045.60565,162411,49389.944,204163056.38046,0
1759302000000,4124.65,4146.33,4123.00,4143.99,70646.994,1759305599999,292252072.99300,118761,41172.538,170328852.09124,0
1759305600000,4143.98,4329.00,4141.37,4289.99,1061676.000,1759309199999,4514962239.58225,893782,583666.835,2479377330.81963,0
1759309200000,4289.99,4317.11,4277.42,4308.43,377182.720,1759312799999,1619167981.42343,387669,176875.023,759400734.98055,0
1759312800000,4308.44,4310.98,4277.31,4280.40,162903.034,1759316399999,699125748.86315,204364,71166.395,305380809.76876,0
1759316400000,4280.40,4303.26,4280.40,4295.88,113754.723,1759319999999,488453769.73474,163639,54833.282,235450355.06318,0
1759320000000,4295.88,4312.34,4276.23,4282.37,188717.565,1759323599999,810363920.60056,254509,90950.954,390596500.28233,0
1759323600000,4282.37,4301.00,4277.20,4293.58,167448.731,1759327199999,718470791.95310,280366,86280.919,370192952.22545,0
1759327200000,4293.58,4337.99,4289.00,4321.58,372116.818,1759330799999,1606508376.52216,491216,190908.614,824255923.98507,0
1759330800000,4321.58,4343.29,4311.67,4325.01,183426.127,1759334399999,793913696.14448,251620,92480.999,400286654.87803,0
1759334400000,4325.01,4337.92,4315.60,4322.64,156309.744,1759337999999,676699337.11135,226911,73800.227,319499192.49198,0
1759338000000,4322.64,4331.60,4286.00,4291.55,184493.355,1759341599999,794529035.68665,228891,83825.617,361035322.41868,0
1759341600000,4291.55,4316.80,4289.93,4306.17,100834.595,1759345199999,434143938.12212,148463,51643.547,222344472.48826,0
1759345200000,4306.16,4338.04,4303.46,4332.24,135830.228,1759348799999,587710000.90609,164405,74156.064,320836058.31478,0
1759348800000,4332.23,4335.35,4310.81,4332.99,133190.709,1759352399999,575987318.48071,141597,60042.679,259681884.94460,0
1759352400000,4333.00,4333.47,4284.55,4302.52,115502.779,1759355999999,497408240.92166,137176,47844.104,206080130.87310,0
1759356000000,4302.52,4327.45,4302.52,4310.55,67452.330,1759359599999,290968263.47326,129199,36042.781,155474580.19000,0
1759359600000,4310.54,4356.07,4308.01,4345.85,142885.280,1759363199999,619225794.89390,210209,84053.747,364353965.74910,0
1759363200000,4345.85,4378.00,4331.08,4333.16,306245.055,1759366799999,1334095453.84835,429153,149991.879,653570181.92942,0
1759366800000,4333.17,4397.40,4330.11,4390.86,201192.018,1759370399999,879071156.88375,269678,115719.182,505633135.14767,0
1759370400000,4390.86,4397.56,4363.75,4383.68,200627.586,1759373999999,878770734.10997,302911,94648.765,414656053.94946,0
1759374000000,4383.69,4397.73,4369.17,4374.99,142648.371,1759377599999,625579134.16022,195114,67796.359,297422209.43460,0
1759377600000,4375.00,4383.74,4356.01,4370.90,119923.951,1759381199999,524037819.28889,148645,55476.937,242459257.08025,0
1759381200000,4370.90,4396.18,4368.49,4381.85,90387.322,1759384799999,396168499.19607,142658,44634.317,195639941.61465,0
1759384800000,4381.84,4422.30,4371.87,4401.53,318430.907,1759388399999,1401818019.37675,307671,169918.513,748063692.67572,0
1759388400000,4401.52,4407.67,4368.36,4373.65,113860.961,1759391999999,499481714.08227,153580,50999.728,223742875.15761,0
1759392000000,4373.65,4392.31,4366.34,4385.68,99796.840,1759395599999,437007187.71389,143305,51646.784,226216177.92334,0
1759395600000,4385.68,4394.37,4376.00,4389.36,53806.496,1759399199999,235971721.81978,102031,24421.634,107116800.27910,0
1759399200000,4389.36,4393.93,4372.80,4378.03,66228.324,1759402799999,290160928.98118,111460,31012.270,135872414.03420,0
1759402800000,4378.02,4392.55,4370.64,4377.24,70709.752,1759406399999,309762617.97082,120733,31477.577,137915768.23387,0
1759406400000,4377.24,4406.03,4374.00,4403.81,124917.038,1759409999999,548535801.09865,177342,70545.618,309816934.21211,0
1759410000000,4403.81,4416.96,4377.00,4414.97,274504.330,1759413599999,1207855614.91797,389985,134778.159,593085781.73818,0
1759413600000,4414.97,4418.88,4364.58,4372.55,315025.609,1759417199999,1383708116.29521,430625,154818.471,680152033.94737,0
1759417200000,4372.54,4441.67,4332.23,4435.49,565202.547,1759420799999,2481429601.83580,579614,293659.509,1290223545.97636,0
1759420800000,4435.50,4469.00,4423.33,4446.61,406003.975,1759424399999,1805043723.75086,480772,197503.010,878217374.76037,0
1759424400000,4446.61,4476.78,4436.73,4464.17,201548.085,1759427999999,898470481.68616,306652,105109.883,468639129.32348,0
1759428000000,4464.18,4495.71,4463.47,4485.01,188443.604,1759431599999,844669978.49440,268586,98491.730,441509809.54145,0
1759431600000,4485.00,4516.65,4481.69,4493.06,222207.964,1759435199999,999996869.09302,304177,118735.384,534367209.84427,0
1759435200000,4493.07,4495.36,4465.71,4488.99,112244.754,1759438799999,502950544.69392,180718,59498.137,266627114.09300,0
1759438800000,4489.00,4494.76,4465.62,4466.66,68191.035,1759442399999,305522805.49497,97010,27830.847,124714594.91069,0
1759442400000,4466.66,4483.13,4453.46,4461.86,127899.159,1759445999999,570992712.11456,172410,50769.380,226713376.30385,0
1759446000000,4461.85,4485.31,4460.52,4481.70,81620.561,1759449599999,364976474.17342,121134,49046.820,219337500.34863,0
1759449600000,4481.70,4481.71,4463.20,4466.48,63308.172,1759453199999,283030069.87288,122648,27841.710,124454656.34395,0
1759453200000,4466.49,4477.90,4459.01,4469.64,102605.179,1759456799999,458490492.31170,153212,43479.245,194285651.61763,0
1759456800000,4469.64,4514.51,4469.08,4508.00,174622.097,1759460399999,784924584.96859,235651,95241.983,428164785.22226,0
1759460400000,4508.00,4559.00,4487.53,4498.96,324774.572,1759463999999,1470092765.97979,394564,155160.996,702728192.66588,0
1759464000000,4498.97,4509.25,4475.00,4494.98,119477.698,1759467599999,536932296.44475,172690,52399.410,235596871.22927,0
1759467600000,4494.88,4499.72,4464.28,4474.70,131440.415,1759471199999,588516459.84080,171243,60189.083,269492571.02380,0
1759471200000,4474.69,4484.11,4456.13,4470.10,104985.058,1759474799999,469493488.64335,161805,47922.115,214359602.98541,0
1759474800000,4470.10,4474.82,4451.46,4460.84,116942.602,1759478399999,521429150.47081,172210,59573.261,265627067.91887,0
1759478400000,4460.84,4465.78,4426.00,4464.55,218858.786,1759481999999,973082291.92075,258450,106961.595,475656153.93303,0
1759482000000,4464.56,4479.84,4454.00,4471.75,122882.167,1759485599999,549072279.09903,156652,67512.509,301706276.33232,0
1759485600000,4471.75,4493.08,4465.56,4487.34,90509.718,1759489199999,405547717.76104,119907,45643.901,204544981.84919,0
1759489200000,4487.34,4488.00,4463.50,4476.20,98714.048,1759492799999,441876279.01542,141008,42654.606,190961788.60690,0
1759492800000,4476.20,4490.45,4470.84,4480.59,76255.714,1759496399999,341640670.19241,164111,36328.023,162762411.70904,0
1759496400000,4480.58,4502.99,4446.18,4468.51,225687.795,1759499999999,1009996430.75666,369698,114299.506,511639733.57726,0
1759500000000,4468.51,4488.14,4433.64,4480.92,261000.814,1759503599999,1164196274.40405,409679,132669.256,591881508.02394,0
1759503600000,4480.91,4540.77,4455.51,4533.20,299122.062,1759507199999,1345139472.66672,414737,162760.177,732157074.67162,0
1759507200000,4533.20,4590.83,4518.03,4523.25,573538.911,1759510799999,2610242752.38737,700613,286076.414,1302485774.52548,0
1759510800000,4523.24,4524.70,4451.51,4469.53,660273.219,1759514399999,2964671156.07824,780364,306404.561,1375866296.48067,0
1759514400000,4469.56,4510.00,4446.90,4509.82,214896.771,1759517999999,963673029.07107,380330,109744.313,492308468.58007,0
1759518000000,4509.82,4544.01,4500.79,4517.65,176824.539,1759521599999,799817884.42275,262401,103987.084,470449230.39707,0
1759521600000,4517.66,4541.21,4491.37,4533.38,112624.572,1759525199999,508387305.38302,193458,54309.821,245226381.68845,0
1759525200000,4533.39,4535.81,4512.22,4521.10,61506.897,1759528799999,278334728.84246,97608,27535.242,124592118.32291,0
1759528800000,4521.11,4533.00,4521.10,4526.41,37108.973,1759532399999,168013237.01917,86653,20263.200,91744215.01231,0
1759532400000,4526.41,4527.27,4505.01,4511.11,53367.293,1759535999999,240979261.33387,88461,23690.235,106970730.72424,0
1759536000000,4511.12,4515.48,4493.05,4499.99,85338.595,1759539599999,384204190.27991,134523,38954.640,175389890.93005,0
1759539600000,4500.00,4500.77,4466.00,4478.27,114073.825,1759543199999,511150308.92527,147612,43543.195,195112636.85467,0
1759543200000,4478.27,4488.00,4460.00,4482.66,100301.644,1759546799999,448900382.49769,148627,49006.469,219368778.30333,0
1759546800000,4482.66,4486.59,4467.99,4484.48,58809.702,1759550399999,263371702.58860,107291,29548.126,132342924.18851,0
1759550400000,4484.48,4497.39,4477.07,4491.62,53144.677,1759553999999,238518079.43870,98975,28958.964,129977074.02406,0
1759554000000,4491.62,4508.91,4490.00,4501.61,80523.867,1759557599999,362275114.44062,117059,39749.726,178846459.23353,0
1759557600000,4501.60,4515.80,4500.18,4504.99,66804.336,1759561199999,301216201.53663,105509,30830.086,139021805.50470,0
1759561200000,4504.99,4512.60,4491.68,4496.23,71443.040,1759564799999,321542885.89012,97969,34403.543,154845046.86676,0
1759564800000,4496.24,4501.11,4480.20,4487.28,83722.023,1759568399999,375919923.72504,114094,40293.546,180951767.28676,0
1759568400000,4487.29,4501.21,4480.94,4487.63,56841.312,1759571999999,255344254.29392,88448,26889.204,120810245.11245,0
1759572000000,4487.63,4502.45,4481.10,4485.74,59662.796,1759575599999,267909954.34745,87374,28122.819,126310227.95296,0
1759575600000,4485.73,4493.66,4478.01,4482.43,43032.734,1759579199999,193064589.94969,79646,19596.820,87925346.39000,0
1759579200000,4482.42,4487.52,4473.91,4478.04,57744.901,1759582799999,258810823.42969,91020,30125.248,135024346.72040,0
1759582800000,4478.05,4507.66,4477.03,4497.85,107660.779,1759586399999,484301756.56788,136201,49630.222,223252345.54540,0
1759586400000,4497.86,4509.89,4467.02,4468.26,118114.935,1759589999999,530191003.22403,154926,51302.386,230390588.73494,0
1759590000000,4468.26,4481.49,4438.80,4453.13,283107.151,1759593599999,1261743325.20661,334937,125243.721,558350959.56540,0
1759593600000,4453.14,4466.06,4438.00,4465.21,128567.006,1759597199999,572512231.77836,201173,65940.228,293689463.32659,0
1759597200000,4465.20,4475.04,4450.89,4462.18,76237.895,1759600799999,340352814.95435,116588,38079.380,170023404.71165,0
1759600800000,4462.19,4465.77,4448.55,4453.37,46522.102,1759604399999,207307909.62428,80585,19971.053,88997607.11998,0
1759604400000,4453.36,4467.00,4453.36,4465.39,30097.542,1759607999999,134277214.00605,54672,17356.819,77429856.78008,0
1759608000000,4465.40,4483.82,4465.40,4473.00,52133.694,1759611599999,233377403.57928,76797,26086.037,116768031.98910,0
1759611600000,4473.00,4492.42,4473.00,4482.50,51463.342,1759615199999,230838165.91670,60217,28436.604,127566159.93789,0
1759615200000,4482.50,4492.41,4477.85,4487.16,38386.019,1759618799999,172202999.77055,71048,20163.747,90462749.94097,0
1759618800000,4487.17,4488.00,4480.00,4484.79,23807.451,1759622399999,106751641.85768,46478,11326.938,50788115.89692,0
1759622400000,4484.79,4492.04,4465.01,4469.59,54235.345,1759625999999,242909155.33607,85976,25819.133,115652290.23013,0
1759626000000,4469.59,4487.34,4468.85,4485.96,43574.848,1759629599999,195211577.44145,73623,24224.682,108529467.38438,0
1759629600000,4485.96,4550.09,4477.71,4547.51,394388.875,1759633199999,1783802408.12746,460542,230587.461,1042942905.89769,0
1759633200000,4547.50,4575.14,4525.68,4530.11,312771.358,1759636799999,1423509220.77632,488431,156256.458,711290342.09941,0
1759636800000,4530.10,4587.99,4526.70,4573.16,246094.285,1759640399999,1122240133.94995,420076,126180.478,575455441.75801,0
1759640400000,4573.16,4584.56,4555.91,4568.08,145244.583,1759643999999,663535296.31316,272783,70707.482,323014565.06183,0
1759644000000,4568.08,4572.70,4550.00,4558.39,91309.401,1759647599999,416567838.65482,158972,40899.030,186593096.87541,0
1759647600000,4558.40,4614.19,4557.64,4604.91,224989.127,1759651199999,1032274995.39467,322195,130374.200,598280987.16657,0
1759651200000,4604.91,4618.44,4582.64,4586.75,216743.883,1759654799999,996816948.31694,285692,104785.867,481986153.60991,0
1759654800000,4586.75,4589.42,4536.95,4548.52,303885.945,1759658399999,1385838408.95253,407191,136117.785,620791420.29153,0
1759658400000,4548.53,4550.96,4521.61,4540.83,250694.071,1759661999999,1137294711.73721,343908,115792.034,525321244.50780,0
1759662000000,4540.84,4554.99,4533.79,4549.08,96664.207,1759665599999,439428778.40176,185542,50007.028,227347102.38089,0
1759665600000,4549.09,4549.09,4528.00,4529.99,101730.581,1759669199999,461662179.34037,171907,42701.407,193819272.10672,0
1759669200000,4530.00,4542.30,4529.63,4536.97,63524.769,1759672799999,288119476.07454,123113,32973.132,149556184.28121,0
1759672800000,4536.98,4548.94,4528.75,4533.70,86045.279,1759676399999,390582929.76827,143051,41728.524,189443150.54103,0
1759676400000,4533.69,4542.52,4525.00,4530.61,62441.531,1759679999999,282988998.66733,106750,27346.551,123943195.02748,0
1759680000000,4530.60,4539.53,4488.24,4526.87,225337.218,1759683599999,1017434270.94027,242409,98513.482,445000817.44054,0
1759683600000,4526.88,4536.48,4501.52,4510.21,113129.407,1759687199999,511254365.37268,178849,51488.349,232688971.37530,0
1759687200000,4510.21,4524.00,4495.00,4517.02,81001.140,1759690799999,365312645.73350,138863,45943.263,207243906.09366,0
1759690800000,4517.03,4517.61,4480.00,4485.33,99694.001,1759694399999,448092673.08207,161015,37893.443,170355116.11185,0
1759694400000,4485.32,4508.45,4470.74,4496.54,105259.593,1759697999999,472737816.77094,152994,52758.897,236996513.20749,0
1759698000000,4496.53,4507.08,4490.00,4503.51,38016.451,1759701599999,171051089.11566,77384,16784.475,75520085.31161,0
1759701600000,4503.51,4517.72,4499.00,4511.28,55933.185,1759705199999,252205180.90996,127096,31046.806,139997996.72404,0
1759705200000,4511.25,4522.22,4510.26,4512.34,63656.624,1759708799999,287510853.76617,105444,30093.379,135921212.66961,0
1759708800000,4512.35,4551.74,4486.05,4497.80,240413.054,1759712399999,1086123062.68297,355884,125013.659,565148914.45663,0
1759712400000,4497.79,4540.93,4488.18,4526.03,158878.409,1759715999999,718141158.90562,259682,81290.728,367412937.57990,0
1759716000000,4526.03,4549.50,4503.59,4536.80,131901.878,1759719599999,597243986.25202,217610,67990.204,307943207.63213,0
1759719600000,4536.80,4541.20,4526.00,4534.90,51104.496,1759723199999,231693826.32027,132700,25643.520,116270505.25171,0
1759723200000,4534.90,4540.92,4520.06,4523.03,48778.590,1759726799999,220964407.03840,108988,20918.338,94769609.24306,0
1759726800000,4523.03,4528.44,4507.63,4526.23,76219.839,1759730399999,344298031.58513,133357,37110.524,167629858.01572,0
1759730400000,4526.23,4575.90,4525.45,4558.41,191595.992,1759733999999,872813713.90948,272472,98972.172,450821467.28571,0
1759734000000,4558.42,4576.58,4526.46,4530.98,159902.766,1759737599999,727503196.80625,237483,72172.444,328379125.86858,0
1759737600000,4530.99,4565.89,4530.99,4559.52,127381.141,1759741199999,579790621.48772,173488,65638.675,298779824.38152,0
1759741200000,4559.53,4575.95,4558.16,4571.17,87992.468,1759744799999,401908351.52819,147695,44602.852,203727924.92910,0
1759744800000,4571.16,4578.17,4556.02,4571.42,86997.125,1759748399999,397229665.02838,148392,39021.165,178189365.42980,0
1759748400000,4571.41,4593.25,4562.85,4569.54,137042.387,1759751999999,627180292.53758,197637,70630.030,323300795.05599,0
1759752000000,4569.54,4595.00,4568.00,4579.01,119733.625,1759755599999,548663102.80114,177632,66282.600,303745451.23649,0
1759755600000,4579.01,4637.00,4574.94,4636.81,440491.066,1759759199999,2030435129.99761,563739,248975.886,1148014230.73596,0
1759759200000,4636.81,4676.63,4628.92,4637.13,471856.240,1759762799999,2194408462.59325,609918,231170.012,1075241396.13614,0
1759762800000,4637.14,4692.91,4636.38,4671.24,295675.272,1759766399999,1381739900.55937,387383,155464.541,726556481.31064,0
1759766400000,4671.24,4682.88,4657.56,4676.61,124850.531,1759769999999,583097594.87571,230719,61559.837,287524075.38133,0
1759770000000,4676.59,4718.00,4672.27,4694.31,300904.465,1759773599999,1413771190.81318,390365,151734.600,712923952.41205,0
1759773600000,4694.30,4715.78,4677.67,4710.00,136492.895,1759777199999,641065109.75280,217248,68492.282,321732931.75242,0
1759777200000,4710.00,4732.38,4692.92,4720.86,191897.953,1759780799999,903506270.96573,269008,94426.677,444726395.97268,0
1759780800000,4720.85,4734.99,4684.00,4686.99,158999.362,1759784399999,748402598.76327,229135,75367.141,354732845.51880,0
1759784400000,4686.99,4696.00,4670.40,4691.77,112049.875,1759787999999,524727792.09453,142152,53368.025,249975615.78926,0
1759788000000,4691.78,4706.77,4680.01,4696.98,82210.253,1759791599999,385970521.52905,170461,44599.108,209409614.66444,0
1759791600000,4696.99,4703.60,4682.00,4682.43,55180.291,1759795199999,258939401.85278,146071,21829.439,102447437.54007,0
1759795200000,4682.42,4691.01,4670.26,4678.01,74890.040,1759798799999,350394165.69900,156100,38669.422,180915709.33003,0
1759798800000,4678.01,4697.99,4660.03,4674.24,101246.913,1759802399999,473503092.70697,186877,45826.741,214358646.61050,0
1759802400000,4674.25,4690.46,4666.91,4684.83,67861.820,1759805999999,317517501.53273,143802,34767.588,162701824.59459,0
1759806000000,4684.83,4694.50,4676.56,4688.73,65267.392,1759809599999,305836080.83319,132344,31973.740,149835419.62815,0
1759809600000,4688.74,4717.06,4677.08,4711.70,116197.211,1759813199999,546171279.10953,182928,64105.676,301354636.85124,0
1759813200000,4711.69,4730.65,4703.00,4709.41,132626.286,1759816799999,625309307.77096,203511,61854.138,291682497.37908,0
1759816800000,4709.42,4717.89,4663.48,4667.48,201957.674,1759820399999,946023575.89302,281570,89490.471,419165656.71366,0
1759820400000,4667.49,4681.47,4662.01,4676.83,115902.482,1759823999999,541570538.00929,196098,54706.779,255661727.37481,0
1759824000000,4676.84,4678.20,4636.00,4668.87,279233.441,1759827599999,1299813497.06301,349015,134061.376,624094767.65989,0
1759827600000,4668.88,4682.00,4666.38,4678.64,84790.067,1759831199999,396380073.85521,151376,43725.015,204426314.72188,0
1759831200000,4678.65,4695.80,4671.46,4690.08,92579.707,1759834799999,434035960.24185,159313,50891.643,238618208.97865,0
1759834800000,4690.08,4712.12,4684.85,4706.44,112081.053,1759838399999,526596497.12673,162017,60001.235,281940732.09022,0
1759838400000,4706.44,4746.00,4693.27,4746.00,205781.338,1759841999999,971042516.30488,276635,114030.752,538262468.57770,0
1759842000000,4746.00,4754.00,4661.00,4702.00,620094.756,1759845599999,2922014825.26470,698867,298512.582,1406786121.31472,0
1759845600000,4702.00,4708.51,4588.08,4591.68,710859.820,1759849199999,3295489676.64074,819559,323807.180,1500858049.03248,0
1759849200000,4591.69,4604.65,4472.94,4510.30,1145235.104,1759852799999,5192052851.29812,1111347,547671.873,2483070747.21787,0
1759852800000,4510.30,4522.33,4452.04,4497.23,633982.693,1759856399999,2847854065.03600,663476,313167.673,1407032481.70060,0
1759856400000,4497.23,4505.98,4466.24,4473.75,218114.347,1759859999999,978900922.99232,347249,103280.925,463602912.50147,0
1759860000000,4473.75,4482.00,4440.45,4462.53,277412.089,1759863599999,1238347158.34461,343970,118389.507,528637389.17342,0
1759863600000,4462.53,4493.70,4457.10,4477.54,197982.527,1759867199999,886087525.39068,285215,100387.100,449340037.38686,0
1759867200000,4477.55,4514.66,4474.18,4507.37,134603.769,1759870799999,605876050.69081,191589,71600.727,322251138.64412,0
1759870800000,4507.37,4512.23,4477.72,4491.26,72664.932,1759874399999,326825606.90361,128447,30703.848,138128450.86077,0
1759874400000,4491.26,4504.18,4480.50,4495.67,51455.486,1759877999999,231284249.22109,139458,28122.036,126400040.02046,0
1759878000000,4495.67,4497.03,4422.44,4445.76,233635.725,1759881599999,1041024001.93270,299052,104127.380,464106049.95691,0
1759881600000,4445.77,4478.86,4431.15,4469.30,168429.489,1759885199999,750776084.30538,294607,90530.586,403534089.75419,0
1759885200000,4469.30,4487.31,4455.70,4480.69,89305.379,1759888799999,399625082.57170,216606,44458.725,198950781.67536,0
1759888800000,4480.70,4497.05,4471.00,4479.01,102491.415,1759892399999,459601211.60737,186376,54483.549,244342511.73767,0
1759892400000,4479.00,4479.01,4430.54,4441.83,186550.533,1759895999999,829770486.73947,292206,78748.264,350221207.25189,0
1759896000000,4441.82,4464.17,4408.69,4459.98,216619.787,1759899599999,961145673.45781,290530,108755.257,482766034.45700,0
1759899600000,4459.98,4460.66,4418.58,4436.16,132342.774,1759903199999,587188887.97251,232308,59826.570,265453848.47049,0
1759903200000,4436.17,4457.00,4422.08,4453.46,85653.660,1759906799999,380605649.98320,175089,47119.209,209429651.87068,0
1759906800000,4453.46,4462.20,4440.04,4461.08,85097.039,1759910399999,378775774.60361,185024,44579.759,198449124.02158,0
1759910400000,4461.08,4494.38,4455.70,4473.13,196957.445,1759913999999,881636237.93028,271536,102720.612,459837438.14600,0
1759914000000,4473.12,4482.70,4469.00,4482.47,63749.307,1759917599999,285371929.02733,141361,31952.543,143029630.78327,0
1759917600000,4482.47,4502.97,4477.46,4497.68,117782.041,1759921199999,528963203.36195,199410,59712.171,268193188.27963,0
1759921200000,4497.69,4505.00,4480.40,4485.21,99059.716,1759924799999,445006441.74325,159266,43258.787,194345077.02692,0
1759924800000,4485.20,4494.77,4466.70,4476.34,109510.859,1759928399999,490387085.71144,202793,44228.777,198058797.37677,0
1759928400000,4476.34,4487.27,4436.16,4474.03,241055.259,1759931999999,1075698151.86404,402173,116321.756,519214323.31101,0
1759932000000,4474.03,4522.00,4435.00,4448.00,447300.077,1759935599999,2005763374.32408,589092,213656.296,958725696.51090,0
1759935600000,4447.99,4466.97,4434.59,4445.11,157470.262,1759939199999,700881075.13020,322264,77120.952,343277055.65283,0
1759939200000,4445.10,4497.95,4436.55,4494.55,233558.095,1759942799999,1042696096.65376,327919,144384.846,644752341.78263,0
1759942800000,4494.54,4556.75,4487.72,4536.99,410351.353,1759946399999,1858687156.22306,488493,212424.853,962117205.77131,0
1759946400000,4536.99,4542.80,4510.90,4521.42,191292.191,1759949999999,866023035.49723,315676,95575.564,432782272.09678,0
1759950000000,4521.41,4525.20,4495.01,4512.64,168655.827,1759953599999,760541307.55028,252866,74300.629,335113351.47404,0
1759953600000,4512.65,4524.00,4497.30,4501.44,73815.326,1759957199999,333040971.13916,148480,36784.715,166001113.71590,0
1759957200000,4501.44,4526.24,4499.71,4523.78,57988.798,1759960799999,261857338.42051,90265,30599.998,138184176.11844,0
1759960800000,4523.79,4537.73,4518.59,4519.40,56777.668,1759964399999,257001070.91135,109420,29330.579,132782893.88565,0
1759964400000,4519.40,4536.00,4506.62,4523.67,63269.152,1759967999999,286084089.19658,115267,28439.319,128601505.24028,0
1759968000000,4523.66,4529.15,4505.58,4509.01,72467.071,1759971599999,327289980.14564,144564,33302.928,150413837.59546,0
1759971600000,4509.01,4512.06,4460.23,4477.25,248288.034,1759975199999,1112738486.03018,307550,105841.421,474282425.88225,0
1759975200000,4477.24,4479.78,4400.00,4410.76,303094.666,1759978799999,1343472889.55332,400199,123006.590,545358768.86180,0
1759978800000,4410.76,4451.56,4410.00,4448.81,137882.585,1759982399999,611525967.39877,202140,76049.282,337233702.19123,0
1759982400000,4448.80,4456.60,4436.25,4452.85,81941.622,1759985999999,364496505.78816,140257,40948.504,182166720.71544,0
1759986000000,4452.85,4458.83,4435.41,4452.53,80921.590,1759989599999,359699549.12834,128351,42475.879,188817337.96366,0
1759989600000,4452.54,4452.67,4421.00,4426.81,142466.771,1759993199999,631574206.54017,193871,59717.384,264694438.28992,0
1759993200000,4426.81,4435.78,4408.00,4424.43,129395.971,1759996799999,572280958.33192,180932,58805.248,260118422.04626,0
1759996800000,4424.42,4425.17,4316.59,4326.26,704997.371,1760000399999,3072548555.01459,677151,309678.063,1349376496.83995,0
1760000400000,4326.26,4355.14,4323.83,4333.29,223141.752,1760003999999,968607339.24118,311998,118358.859,513812640.04246,0
1760004000000,4333.29,4356.65,4323.00,4352.46,169226.895,1760007599999,734821708.29175,235911,94486.241,410305374.44834,0
1760007600000,4352.45,4385.04,4352.03,4371.00,145854.109,1760011199999,637275044.27120,223088,75687.230,330680952.66301,0
1760011200000,4370.99,4411.46,4367.50,4402.00,222214.567,1760014799999,975828865.09359,297141,120319.828,528371234.10068,0
1760014800000,4402.00,4405.22,4345.61,4349.35,358037.845,1760018399999,1566582297.85724,453939,163457.980,715259558.09055,0
1760018400000,4349.36,4373.32,4303.00,4343.67,458568.293,1760021999999,1988910657.71879,651414,230438.637,999617355.70516,0
1760022000000,4343.67,4362.18,4290.00,4312.81,361416.903,1760025599999,1561059792.20040,481860,174319.673,753044098.56954,0
1760025600000,4312.81,4326.25,4262.55,4275.42,385456.976,1760029199999,1655677341.37572,454753,159951.591,687244063.76899,0
1760029200000,4275.43,4335.87,4267.21,4332.65,260980.537,1760032799999,1122864629.57936,399501,146657.069,631141010.03368,0
1760032800000,4332.66,4339.12,4298.17,4306.17,176197.523,1760036399999,761169192.78863,256354,83397.882,360338746.11550,0
1760036400000,4306.17,4343.69,4305.40,4336.39,109501.983,1760039999999,473682948.65818,200313,58422.647,252738230.55559,0
1760040000000,4336.38,4346.00,4325.30,4335.06,79776.862,1760043599999,345921957.77394,161034,34955.186,151575910.96356,0
1760043600000,4335.05,4357.35,4333.61,4355.88,65908.097,1760047199999,286622932.53266,104905,37035.565,161082218.19580,0
1760047200000,4355.89,4381.42,4350.50,4375.84,108149.427,1760050799999,472430637.42062,153726,58934.563,257476314.97862,0
1760050800000,4375.85,4377.15,4355.33,4365.83,76683.206,1760054399999,334702284.59382,123070,33758.301,147343338.40019,0
1760054400000,4365.83,4382.55,4360.28,4378.92,86635.701,1760057999999,378777730.80418,130438,44715.344,195514964.53369,0
1760058000000,4378.92,4392.00,4368.92,4371.61,101298.331,1760061599999,443682916.59867,145980,47709.528,209029866.81280,0
1760061600000,4371.61,4378.92,4347.78,4357.73,122116.653,1760065199999,532864947.83011,172463,51642.234,225360752.16986,0
1760065200000,4357.74,4391.86,4340.61,4345.01,190463.862,1760068799999,831211202.43236,271660,94194.594,411284046.43822,0
1760068800000,4345.01,4360.70,4330.03,4342.59,116803.003,1760072399999,507601441.30853,202207,53411.685,232155890.52468,0
1760072400000,4342.60,4368.65,4325.18,4366.56,122872.259,1760075999999,534203364.14106,201485,69105.496,300497833.57474,0
1760076000000,4366.57,4376.00,4318.20,4325.66,150189.129,1760079599999,652624261.83413,247140,71009.244,308613170.33985,0
1760079600000,4325.66,4332.54,4312.53,4321.06,153076.710,1760083199999,661677848.59489,227201,72108.689,311690161.71905,0
1760083200000,4321.05,4347.98,4311.00,4343.92,95935.836,1760086799999,415453838.66951,177091,47260.464,204677923.74049,0
1760086800000,4343.91,4349.70,4315.79,4319.99,119710.649,1760090399999,518687768.53535,173226,61544.660,266689279.07910,0
1760090400000,4319.98,4343.84,4318.39,4340.59,64465.379,1760093999999,279189950.35258,128538,31492.869,136395493.14146,0
1760094000000,4340.59,4345.92,4326.38,4341.42,57104.282,1760097599999,247721212.18808,125244,30090.737,130532789.79990,0
1760097600000,4341.42,4350.72,4332.01,4346.42,70484.611,1760101199999,306004814.72696,132377,33891.523,147150283.38552,0
1760101200000,4346.43,4388.43,4342.80,4353.80,291947.426,1760104799999,1273733752.34912,402646,151110.303,659375448.68137,0
1760104800000,4353.80,4373.70,4276.02,4277.71,383738.052,1760108399999,1657007569.15453,497453,167603.894,724067499.69537,0
1760108400000,4277.70,4281.40,4067.44,4100.48,1855522.423,1760111999999,7725840071.76142,1814893,845650.285,3519173978.80222,0
1760112000000,4100.49,4136.08,4083.32,4106.36,509414.722,1760115599999,2094612963.84364,667069,247385.116,1017323220.01368,0
1760115600000,4106.36,4110.53,4075.00,4092.01,305267.984,1760119199999,1250569325.59860,465309,150066.611,614842706.32941,0
1760119200000,4092.01,4098.47,4051.60,4051.85,302318.479,1760122799999,1231490778.57652,459716,140438.809,572329008.44649,0
1760122800000,4051.85,4062.57,3947.77,3994.99,1062387.145,1760126399999,4255527804.06878,1072544,502668.380,2013713746.27657,0
1760126400000,3994.99,4022.18,3831.55,3864.76,980850.053,1760129999999,3855524268.18823,925580,436733.347,1718779932.21482,0
1760130000000,3864.76,3980.68,3400.00,3941.17,3548192.922,1760133599999,13149386593.39867,4350774,1684660.871,6257452456.25568,0
1760133600000,3941.17,3947.66,3820.00,3852.95,842804.872,1760137199999,3265347077.80363,1935971,394141.796,1527239279.60989,0
1760137200000,3852.96,3911.12,3783.99,3819.99,483518.564,1760140799999,1861196235.28556,964020,237542.686,915368819.68583,0
1760140800000,3820.00,3874.28,3800.10,3833.53,314586.226,1760144399999,1207464056.38563,577688,159637.452,612730641.34622,0
1760144400000,3833.53,3836.28,3725.00,3732.11,390005.386,1760147999999,1470122084.25350,588807,177046.528,667650994.23287,0
1760148000000,3732.10,3860.39,3728.18,3839.04,343608.149,1760151599999,1305509729.61104,612947,193894.338,736506917.15527,0
1760151600000,3839.05,3845.97,3753.38,3789.56,238849.988,1760155199999,904517197.60153,482650,122287.244,462870430.62760,0
1760155200000,3789.55,3818.55,3778.23,3818.54,184050.831,1760158799999,699072052.17868,363392,90898.508,345312409.15439,0
1760158800000,3818.54,3831.02,3760.22,3786.88,193664.811,1760162399999,733437285.77047,369447,103247.030,391004680.16449,0
1760162400000,3786.89,3811.27,3770.01,3779.00,147634.559,1760165999999,559442832.18097,295300,73924.043,280152155.33564,0
1760166000000,3778.99,3783.88,3731.20,3757.27,315000.805,1760169599999,1184072821.33031,492931,159166.804,598496838.84270,0
1760169600000,3757.27,3819.80,3746.62,3812.89,247418.662,1760173199999,938850493.72727,428905,132067.616,501205294.18865,0
1760173200000,3812.89,3845.98,3810.39,3827.52,206932.505,1760176799999,792219520.46602,341799,111779.709,427954061.24359,0
1760176800000,3827.53,3856.00,3816.01,3832.36,136428.953,1760180399999,523414542.88745,262558,71158.393,273042953.79936,0
1760180400000,3832.35,3841.14,3784.51,3838.68,193345.526,1760183999999,737794857.76269,293989,91689.181,350064139.61572,0
1760184000000,3838.67,3844.00,3804.15,3821.50,128355.995,1760187599999,490904355.81567,251762,63655.881,243464955.56679,0
1760187600000,3821.51,3836.99,3783.07,3830.21,204852.184,1760191199999,780828286.11057,343109,107640.872,410298269.06210,0
1760191200000,3830.21,3836.00,3795.43,3812.39,122729.266,1760194799999,467599257.98010,256035,62099.582,236533864.35173,0
1760194800000,3812.40,3853.43,3811.86,3822.58,197857.139,1760198399999,758246638.18338,318927,99676.737,382006937.25120,0
1760198400000,3822.58,3845.98,3807.00,3817.34,137447.625,1760201999999,525690593.65700,280304,70593.975,269979657.56010,0
1760202000000,3817.34,3839.61,3811.00,3823.19,86535.209,1760205599999,330907179.57704,209372,42083.206,160908323.36124,0
1760205600000,3823.19,3823.61,3808.62,3813.16,59899.272,1760209199999,228571829.29665,133588,28368.438,108247490.43016,0
1760209200000,3813.17,3814.09,3728.32,3758.00,350418.240,1760212799999,1318254293.01260,566778,160092.705,602043184.96225,0
1760212800000,3758.00,3764.92,3658.00,3693.73,421141.136,1760216399999,1560599418.26589,784163,185313.925,686969912.72675,0
1760216400000,3693.73,3742.42,3640.00,3734.34,341809.049,1760219999999,1262642113.73876,553431,175920.015,650595304.96202,0
1760220000000,3734.34,3762.39,3722.86,3740.81,153493.392,1760223599999,574299116.17305,330860,81430.814,304735011.52714,0
1760223600000,3740.80,3750.51,3730.01,3744.99,99523.560,1760227199999,372374801.40522,254513,49714.770,186029567.73724,0
1760227200000,3744.99,3762.80,3692.96,3699.77,212990.893,1760230799999,793939837.96555,371726,108132.993,403201385.18379,0
1760230800000,3699.79,3738.60,3693.20,3717.46,201341.432,1760234399999,748918203.75904,410642,106447.230,395910750.82308,0
1760234400000,3717.45,3748.59,3705.03,3732.36,191320.987,1760237999999,712155007.61941,350444,100823.831,375331341.15627,0
1760238000000,3732.37,3819.33,3725.60,3779.99,347311.002,1760241599999,1311521111.37752,478948,191642.949,723741702.51294,0
1760241600000,3779.99,3821.95,3774.08,3800.36,204575.476,1760245199999,778092646.13469,301805,108056.775,410939029.81265,0
1760245200000,3800.35,3815.43,3794.64,3804.25,120990.860,1760248799999,460640982.95561,170539,59472.446,226426451.38193,0
1760248800000,3804.24,3837.88,3801.69,3830.55,160848.243,1760252399999,615108438.36025,178663,85969.412,328766041.06910,0
1760252400000,3830.54,3842.18,3814.48,3825.25,243438.473,1760255999999,931691047.92021,164833,118834.100,454796848.64251,0
1760256000000,3825.26,3844.00,3818.81,3820.53,255035.799,1760259599999,977102601.75982,168589,124351.376,476388676.66988,0
1760259600000,3820.53,3847.37,3803.22,3841.39,285037.043,1760263199999,1090122645.50593,209100,142863.007,546389448.70069,0
1760263200000,3841.39,3866.06,3812.88,3817.59,359146.206,1760266799999,1375956802.30305,238100,174791.506,669695386.16365,0
1760266800000,3817.59,3831.93,3812.00,3818.14,223458.920,1760270399999,853485029.37390,152842,111292.471,425026138.15946,0
1760270400000,3818.13,3847.15,3816.28,3829.98,350543.029,1760273999999,1343265588.96456,209735,173771.147,665803994.48866,0
1760274000000,3829.97,3832.80,3791.79,3808.15,499005.021,1760277599999,1902083870.72938,356612,245168.875,934451709.59202,0
1760277600000,3808.15,4027.00,3806.05,3973.44,1270138.578,1760281199999,4962975371.05666,1126534,692497.981,2705698984.40692,0
1760281200000,3973.35,4077.96,3963.24,4032.38,1087232.525,1760284799999,4374216002.71939,1251551,531220.928,2137135665.04920,0
1760284800000,4032.37,4175.90,4032.37,4104.17,1029217.667,1760288399999,4210976424.93921,1103944,515926.496,2111099447.27923,0
1760288400000,4104.17,4156.58,4096.00,4125.21,535622.108,1760291999999,2210746871.03706,590355,267481.855,1104132729.03282,0
1760292000000,4125.22,4144.99,4091.26,4107.07,289072.425,1760295599999,1190088272.71929,327362,131961.089,543265549.36228,0
1760295600000,4107.07,4137.87,4105.71,4133.11,175994.955,1760299199999,726237547.79540,218188,90781.650,374568259.72023,0
1760299200000,4133.12,4200.00,4123.32,4134.72,400511.532,1760302799999,1661492877.82848,466303,212168.361,880328015.62161,0
1760302800000,4134.71,4164.03,4077.59,4133.94,392958.388,1760306399999,1619767088.51049,395923,194615.352,802454167.06372,0
1760306400000,4133.94,4153.59,4108.85,4132.99,367080.236,1760309999999,1517237116.73241,444224,181128.594,748562295.06792,0
1760310000000,4132.99,4159.51,4106.56,4149.99,269395.592,1760313599999,1113756551.59551,340943,133823.189,553206957.24746,0
1760313600000,4150.00,4184.12,4121.55,4136.94,435330.016,1760317199999,1804766402.85923,504776,212997.219,883053643.87865,0
1760317200000,4136.95,4198.91,4124.00,4196.93,369318.524,1760320799999,1534330756.33320,457598,194458.872,808151598.44890,0
1760320800000,4196.92,4219.43,4151.00,4157.00,283384.419,1760324399999,1183214824.56456,395184,145786.163,608837136.12804,0
1760324400000,4156.99,4168.40,4130.67,4138.63,189005.454,1760327999999,784171532.65015,279312,88964.770,369144329.95746,0
1760328000000,4138.63,4145.25,4113.45,4140.24,211418.398,1760331599999,872940029.19476,278130,98618.959,407255547.29347,0
1760331600000,4140.23,4142.89,4121.05,4129.99,136294.978,1760335199999,562807642.29758,200978,67236.732,277615352.09396,0
1760335200000,4130.00,4181.23,4115.00,4168.56,280436.053,1760338799999,1164646861.26730,341839,149718.150,621781889.60856,0
1760338800000,4168.56,4196.55,4157.05,4176.29,286535.439,1760342399999,1197123027.31147,339342,140915.968,588740606.99307,0
1760342400000,4176.28,4193.89,4165.28,4173.51,204939.562,1760345999999,856517002.31698,244791,102256.445,427324900.89518,0
1760346000000,4173.52,4175.33,4140.07,4162.29,224048.802,1760349599999,931114526.51107,257940,113508.542,471699818.26782,0
1760349600000,4162.30,4165.35,4136.94,4149.70,184028.951,1760353199999,764011035.86504,233849,90510.140,375761307.54888,0
1760353200000,4149.70,4152.91,4034.12,4078.36,739566.976,1760356799999,3027693678.44349,702837,339969.341,1391805581.48706,0
1760356800000,4078.35,4132.81,4054.26,4095.90,452713.006,1760360399999,1855804834.81213,519614,243147.235,996805708.78041,0
1760360400000,4095.90,4179.89,4090.42,4162.68,744922.800,1760363999999,3078665240.90831,912346,379755.284,1569724325.05725,0
1760364000000,4162.68,4174.95,4078.81,4093.80,587522.001,1760367599999,2418564782.36312,762012,279703.932,1151408297.35349,0
1760367600000,4093.79,4147.41,4091.79,4133.44,390194.946,1760371199999,1608144656.24617,439609,198952.022,819998754.67847,0
1760371200000,4133.45,4173.57,4126.81,4163.52,426647.917,1760374799999,1770616392.75479,448567,217190.030,901355160.53772,0
1760374800000,4163.52,4239.00,4155.00,4233.60,442407.766,1760378399999,1851288528.56982,477113,239042.683,1000660738.17507,0
1760378400000,4233.60,4238.55,4197.33,4226.31,336302.681,1760381999999,1419044066.31883,386290,173735.145,733100312.82686,0
1760382000000,4226.31,4269.65,4221.39,4250.00,343305.956,1760385599999,1459147458.70388,365128,177621.193,754978402.30038,0
1760385600000,4250.00,4291.93,4242.09,4285.03,208257.026,1760389199999,887391054.86361,253964,114888.681,489763438.56927,0
1760389200000,4285.03,4293.03,4253.00,4256.82,130480.986,1760392799999,557162948.50283,149681,61195.718,261381149.08669,0
1760392800000,4256.82,4274.90,4249.35,4269.45,125933.896,1760396399999,536763768.79465,168683,56274.256,239843442.76734,0
1760396400000,4269.45,4269.46,4232.98,4239.70,134419.987,1760399999999,570951658.46972,159165,58303.711,247625373.44258,0
1760400000000,4239.70,4262.00,4225.17,4240.28,151353.790,1760403599999,642151899.63319,235257,73709.345,312732747.34410,0
1760403600000,4240.27,4242.58,4200.80,4209.89,238898.952,1760407199999,1007439708.51516,266603,105866.428,446482992.68525,0
1760407200000,4209.89,4210.60,4165.52,4170.41,244119.756,1760410799999,1022484522.60709,300879,111776.088,468135127.70822,0
1760410800000,4170.41,4172.66,4135.00,4151.29,296178.928,1760414399999,1229674795.44112,345825,145174.798,602740086.25090,0
1760414400000,4151.29,4158.44,4084.60,4097.95,347025.248,1760417999999,1430263813.80887,420996,159178.483,655982462.92835,0
1760418000000,4097.95,4124.56,4053.43,4068.54,406414.842,1760421599999,1661352808.77839,497607,195260.230,798235454.86276,0
1760421600000,4068.55,4090.31,3964.40,4001.62,707417.592,1760425199999,2844700574.04206,750888,343533.104,1382027951.66017,0
1760425200000,4001.62,4025.04,3966.05,3979.28,472102.285,1760428799999,1886068744.52031,568184,239068.033,955208648.05982,0
1760428800000,3979.29,4009.99,3950.01,3994.68,447800.676,1760432399999,1782708826.53000,508835,227321.365,905243471.99280,0
1760432400000,3994.67,4013.42,3968.38,3983.80,245301.954,1760435999999,979477840.94448,327688,124426.252,496866660.75933,0
1760436000000,3983.81,3984.88,3885.09,3940.78,612958.808,1760439599999,2408146422.08539,767354,287755.791,1130740937.12253,0
1760439600000,3940.78,3984.00,3939.61,3970.13,294609.545,1760443199999,1168862147.09552,410686,154114.512,611371593.31271,0
1760443200000,3970.13,3972.42,3929.16,3939.41,284331.101,1760446799999,1122679339.99764,429449,137871.417,544327117.91385,0
1760446800000,3939.41,3974.37,3890.13,3954.00,547443.113,1760450399999,2155764994.37149,828671,276701.275,1089939467.52641,0
1760450400000,3954.00,4016.06,3938.20,3967.68,576957.768,1760453999999,2296300985.95410,819897,306454.802,1219889798.04847,0
1760454000000,3967.68,4087.70,3948.19,4083.25,476523.486,1760457599999,1915281152.81162,724831,244561.515,983043959.60454,0
1760457600000,4083.25,4163.25,4055.19,4094.23,701842.094,1760461199999,2885516638.87985,1038238,350123.773,1439567749.68905,0
1760461200000,4094.22,4138.96,4042.83,4099.36,442624.192,1760464799999,1814388364.30495,709874,206028.021,844680504.57050,0
1760464800000,4099.36,4136.40,4091.28,4118.84,171757.866,1760468399999,706691219.25747,402280,87901.583,361647903.10625,0
1760468400000,4118.85,4146.56,4046.01,4100.67,438336.154,1760471999999,1793007318.78949,670474,195463.607,800204432.58212,0
1760472000000,4100.68,4124.77,4067.39,4116.03,159540.311,1760475599999,654294861.69572,321301,77534.863,318129861.30744,0
1760475600000,4116.03,4121.70,4090.51,4116.11,54740.585,1760479199999,224883719.13182,132571,25090.541,103061049.20908,0
1760479200000,4116.11,4140.23,4099.91,4116.62,78474.216,1760482799999,323366195.84597,195922,38863.929,160144241.96004,0
1760482800000,4116.63,4142.99,4115.05,4123.05,73260.012,1760486399999,302712457.13081,171190,35228.437,145568493.79312,0
1760486400000,4123.06,4130.88,4091.65,4117.73,148323.732,1760489999999,609333831.12040,278818,77140.259,316925317.25289,0
1760490000000,4117.74,4119.56,4080.58,4111.80,159981.604,1760493599999,655501484.27793,263963,75405.076,308985306.25480,0
1760493600000,4111.80,4144.49,4105.04,4116.55,140128.711,1760497199999,578082370.57413,279790,63898.962,263657258.04066,0
1760497200000,4116.54,4121.73,4059.00,4079.71,167588.269,1760500799999,685263422.43833,296880,84286.482,344747258.61396,0
1760500800000,4079.70,4122.90,4070.00,4114.60,125425.038,1760504399999,514161955.26282,234932,65007.259,266474639.72567,0
1760504400000,4114.59,4123.39,4091.28,4108.34,105381.037,1760507999999,432985242.47910,224539,47683.465,195925037.36825,0
1760508000000,4108.35,4122.00,4071.50,4116.64,190421.441,1760511599999,780298992.16734,297035,92501.950,379087640.93486,0
1760511600000,4116.64,4128.17,4101.78,4120.00,95191.962,1760515199999,391717750.39498,198558,47029.502,193524778.11387,0
1760515200000,4120.00,4216.12,4117.01,4180.13,386372.183,1760518799999,1612508208.70543,531990,229831.510,958937827.74108,0
1760518800000,4180.13,4183.00,4136.48,4154.61,225167.856,1760522399999,936346225.46613,326942,113409.760,471649717.36440,0
1760522400000,4154.61,4156.03,4110.00,4116.65,213264.215,1760525999999,880079028.43385,273904,89532.601,369567199.76974,0
1760526000000,4116.66,4128.87,4085.00,4098.55,191519.866,1760529599999,785998176.85540,257760,97540.234,400322213.21839,0
1760529600000,4098.55,4106.09,4066.38,4092.93,194603.198,1760533199999,795333581.13620,320184,96045.600,392651196.38916,0
1760533200000,4092.93,4102.00,4016.00,4053.11,491046.011,1760536799999,1992911589.74950,642690,230921.099,937389572.90735,0
1760536800000,4053.12,4103.58,3990.04,4007.86,475472.115,1760540399999,1926148824.84132,662630,227540.734,922089687.04508,0
1760540400000,4007.87,4034.88,3957.47,3979.23,460745.338,1760543999999,1839699163.54196,724570,229262.436,915558155.61216,0
1760544000000,3979.23,4001.32,3964.18,3974.61,230512.195,1760547599999,918302283.94613,435642,113629.320,452692375.77422,0
1760547600000,3974.61,3992.48,3926.81,3990.96,382501.035,1760551199999,1512638322.85118,559420,189621.822,750081561.25200,0
1760551200000,3990.96,4011.56,3967.79,4005.43,205530.791,1760554799999,820152851.46014,287360,108358.788,432517303.52763,0
1760554800000,4005.42,4008.17,3969.06,3981.28,173972.127,1760558399999,693947058.58812,265620,86913.565,346747528.52950,0
1760558400000,3981.27,3994.79,3935.00,3960.00,218447.183,1760561999999,865994217.42570,338877,108189.146,428820413.92920,0
1760562000000,3960.00,3980.73,3925.00,3952.05,169193.032,1760565599999,669103358.08639,260500,88465.995,349845449.91107,0
1760565600000,3952.06,3979.40,3949.19,3959.68,122374.730,1760569199999,485175581.11729,217556,57885.617,229537518.40653,0
1760569200000,3959.68,3992.30,3951.81,3983.81,110080.341,1760572799999,437856491.35453,208341,56179.029,223474496.55906,0
1760572800000,3983.80,3996.21,3973.76,3979.96,99982.716,1760576399999,398346925.18938,254386,50409.300,200853871.67883,0
1760576400000,3979.96,4010.00,3978.00,4007.80,129364.484,1760579999999,517263072.08792,234966,66091.633,264292176.60646,0
1760580000000,4007.79,4035.00,3998.00,4029.43,191892.835,1760583599999,771133354.18090,274019,92043.897,369916026.13400,0
1760583600000,4029.43,4034.65,4009.04,4012.92,82330.081,1760587199999,331298075.35731,149220,36558.582,147134680.19012,0
1760587200000,4012.93,4029.39,3990.92,3997.15,113384.779,1760590799999,454574813.34648,168187,48354.405,193931059.42246,0
1760590800000,3997.15,4018.84,3976.96,3994.73,124009.109,1760594399999,495904417.46228,229518,59372.484,237480949.28064,0
1760594400000,3994.72,4050.00,3992.69,4039.98,155002.426,1760597999999,623628077.71314,257768,86513.667,348146029.47039,0
1760598000000,4039.99,4044.19,3992.45,4002.48,158662.117,1760601599999,636443921.88268,258510,76532.316,306946323.02221,0
1760601600000,4002.51,4005.95,3980.01,3992.62,106669.383,1760605199999,425985338.60200,181731,51119.937,204173046.60013,0
1760605200000,3992.63,4047.00,3937.30,4028.26,447652.077,1760608799999,1787505998.53541,547705,222172.712,887496682.87131,0
1760608800000,4028.26,4077.54,4027.49,4047.21,252294.648,1760612399999,1022410120.67160,387122,134834.847,546417419.10986,0
1760612400000,4047.20,4062.27,4031.38,4060.50,139540.373,1760615999999,564529802.28642,249475,73185.177,296103987.48389,0
1760616000000,4060.51,4089.34,4037.90,4052.53,173782.505,1760619599999,704920741.67904,316439,89968.325,365013222.60410,0
1760619600000,4052.52,4067.66,4001.36,4018.88,261962.121,1760623199999,1057485077.19917,463686,116581.997,470738519.37892,0
1760623200000,4018.87,4058.00,3965.26,4013.83,517629.663,1760626799999,2074965158.07664,773380,248127.035,994807100.56807,0
1760626800000,4013.83,4018.75,3890.00,3905.04,628803.944,1760630399999,2483714334.61929,863668,286183.490,1130486350.19661,0
1760630400000,3905.03,3966.29,3855.00,3962.79,695265.729,1760633999999,2708385413.10975,1083584,350079.652,1364340574.34091,0
1760634000000,3962.80,3963.32,3914.05,3920.15,333729.418,1760637599999,1313501491.62383,581592,154588.708,608302599.28274,0
1760637600000,3920.14,3920.71,3876.00,3903.53,304240.151,1760641199999,1185281423.18872,595320,151003.760,588353965.93313,0
1760641200000,3903.54,3911.51,3850.00,3865.97,278646.284,1760644799999,1078639467.28180,579413,128899.420,499008492.22471,0
1760644800000,3865.97,3879.87,3822.50,3849.67,225953.477,1760648399999,869385908.55099,424008,103240.001,397364540.90646,0
1760648400000,3849.67,3884.00,3838.02,3881.61,126845.894,1760651999999,490006571.11422,202488,63606.403,245793965.47225,0
1760652000000,3881.61,3887.33,3861.46,3863.25,82922.640,1760655599999,321079884.35067,179558,38494.299,149082528.50543,0
1760655600000,3863.25,3896.25,3858.88,3892.02,101133.925,1760659199999,392908496.56929,188361,57464.652,223292920.43043,0
1760659200000,3892.02,3925.79,3886.15,3925.79,127888.137,1760662799999,499985376.35023,235691,73794.745,288465117.71158,0
1760662800000,3925.80,3948.06,3904.00,3918.53,161125.154,1760666399999,632699192.18367,256875,74364.718,292212099.48654,0
1760666400000,3918.53,3929.52,3896.77,3921.00,106545.247,1760669999999,416900367.27942,209823,51447.057,201341054.66548,0
1760670000000,3921.00,3934.13,3917.30,3931.44,65580.143,1760673599999,257476755.69147,168081,32540.316,127763392.89776,0
1760673600000,3931.45,3934.73,3908.23,3910.97,71150.611,1760677199999,278936558.45660,154168,29446.833,115456312.04336,0
1760677200000,3910.97,3921.55,3891.83,3893.91,131339.377,1760680799999,512878892.80718,212372,60683.209,236982178.76750,0
1760680800000,3893.91,3905.28,3806.00,3818.75,429842.078,1760684399999,1652915524.18467,624686,195994.931,753410899.02314,0
1760684400000,3818.74,3823.17,3751.00,3754.79,592468.571,1760687999999,2240812663.57262,916663,272093.889,1029293480.12537,0
1760688000000,3754.78,3768.73,3702.79,3707.37,645770.643,1760691599999,2410498739.85223,902022,300077.680,1120183216.93340,0
1760691600000,3707.37,3766.66,3695.00,3722.30,386637.107,1760695199999,1444543191.62048,571809,195603.118,731082486.15640,0
1760695200000,3722.31,3737.13,3671.00,3723.90,491382.297,1760698799999,1819324313.39409,709663,240346.135,890012414.69180,0
1760698800000,3723.88,3817.40,3718.97,3776.30,657421.171,1760702399999,2482071427.00132,822984,351514.949,1326730698.45141,0
1760702400000,3776.29,3809.66,3769.19,3773.70,190913.422,1760705999999,722637490.64484,382191,94404.535,357362375.26641,0
1760706000000,3773.69,3808.00,3738.00,3787.34,448982.300,1760709599999,1695098558.98423,758836,216814.681,818795045.30137,0
1760709600000,3787.34,3796.83,3712.51,3749.10,560269.673,1760713199999,2102749605.69029,852441,269676.087,1012387365.14397,0
1760713200000,3749.09,3799.74,3742.60,3796.02,287852.527,1760716799999,1084981636.23898,594687,151931.680,572762214.14386,0
1760716800000,3796.03,3844.05,3777.00,3786.64,434808.356,1760720399999,1658668788.41109,628508,216234.276,824951437.32111,0
1760720400000,3786.65,3825.00,3778.08,3815.65,179866.796,1760723999999,683676036.97082,372209,96140.591,365455966.01375,0
1760724000000,3815.66,3848.00,3810.19,3833.82,164620.313,1760727599999,630560040.20058,295665,82631.336,316562759.26050,0
1760727600000,3833.83,3849.01,3812.52,3826.16,110098.252,1760731199999,421710847.26701,251049,52400.699,200746151.29975,0
1760731200000,3826.15,3862.68,3816.00,3855.57,117484.907,1760734799999,451897055.38263,205980,61463.303,236506088.68520,0
1760734800000,3855.95,3882.00,3851.26,3874.53,127099.892,1760738399999,492140206.16562,178183,70394.020,272581388.33004,0
1760738400000,3874.53,3880.83,3844.51,3852.37,96832.436,1760741999999,373602608.23867,158800,42891.891,165459832.44293,0
1760742000000,3852.37,3853.00,3826.97,3829.99,67736.454,1760745599999,260016327.55530,125047,28635.500,109926782.04496,0
1760745600000,3830.00,3842.53,3817.21,3838.50,94986.966,1760749199999,363956250.61255,156241,49407.533,189320506.69091,0
1760749200000,3838.49,3876.82,3837.90,3866.31,103040.664,1760752799999,397628000.23913,188940,55248.792,213189224.35116,0
1760752800000,3866.32,3880.63,3843.99,3849.51,99912.923,1760756399999,385747259.96243,173600,44717.860,172670501.54836,0
1760756400000,3849.50,3877.55,3847.79,3869.00,67276.632,1760759999999,260117565.11949,128280,31820.126,123027841.56333,0
1760760000000,3868.99,3869.00,3838.81,3842.14,96362.504,1760763599999,371033325.69700,160674,41441.834,159575759.29950,0
1760763600000,3842.15,3867.13,3840.60,3865.08,81355.181,1760767199999,313698859.98651,131505,41888.699,161511166.42449,0
1760767200000,3865.09,3874.80,3859.17,3870.69,62258.118,1760770799999,240835636.51882,124248,29742.242,115060272.12669,0
1760770800000,3870.68,3926.00,3870.19,3890.47,273153.844,1760774399999,1065554653.81023,402580,143837.361,561072840.31391,0
1760774400000,3890.46,3903.80,3872.90,3874.55,84842.573,1760777999999,329738023.04559,163254,40891.814,158952344.01465,0
1760778000000,3874.54,3885.50,3863.17,3876.39,89613.244,1760781599999,347261584.15835,159272,46152.402,178871086.80767,0
1760781600000,3876.38,3892.73,3860.15,3874.76,90055.017,1760785199999,349117063.16431,168880,48616.994,188479532.62485,0
1760785200000,3874.75,3882.00,3866.99,3880.78,48221.521,1760788799999,186799432.99852,110328,25231.591,97742503.25424,0
1760788800000,3880.78,3892.50,3871.47,3881.44,53124.996,1760792399999,206181265.84515,109702,27110.586,105230930.20034,0
1760792400000,3881.44,3881.81,3853.41,3863.99,86193.811,1760795999999,333107167.92234,172822,40128.196,155102902.82997,0
1760796000000,3863.99,3880.33,3846.11,3872.34,101224.016,1760799599999,391269777.11781,184412,47166.307,182354337.61561,0
1760799600000,3872.33,3878.88,3862.14,3875.99,56939.835,1760803199999,220444769.13597,120594,28289.935,109533117.87239,0
1760803200000,3876.00,3881.00,3851.95,3863.99,83328.382,1760806799999,321911144.85896,153598,42081.081,162561322.27123,0
1760806800000,3864.00,3898.00,3857.00,3892.10,110874.931,1760810399999,430206677.37287,168498,58002.562,225116247.13861,0
1760810400000,3892.10,3897.90,3881.18,3886.82,46363.056,1760813999999,180245122.97169,100211,20552.558,79906550.38533,0
1760814000000,3886.81,3893.61,3881.00,3891.60,27436.033,1760817599999,106661288.96706,69872,11848.840,46064528.52306,0
1760817600000,3891.61,3907.92,3883.69,3884.01,72078.888,1760821199999,280709508.27844,119572,34917.729,136019430.03934,0
1760821200000,3884.00,3895.20,3867.32,3890.15,57896.870,1760824799999,224655672.50353,92610,29985.387,116343766.95820,0
1760824800000,3890.16,3893.43,3881.14,3884.01,23875.131,1760828399999,92814695.63474,67323,10583.030,41138669.21701,0
1760828400000,3884.00,3888.31,3878.87,3887.01,28369.962,1760831999999,110195494.91787,67909,14388.700,55884295.68597,0
1760832000000,3887.01,3890.61,3860.40,3867.08,77349.909,1760835599999,299585359.37909,139980,37788.951,146310422.45257,0
1760835600000,3867.09,3875.57,3853.53,3872.67,59886.265,1760839199999,231377744.48194,99545,29357.591,113448028.61584,0
1760839200000,3872.68,3874.10,3863.31,3871.49,32675.061,1760842799999,126403768.12154,67922,16701.362,64607499.18528,0
1760842800000,3871.50,3905.73,3866.93,3904.70,102250.332,1760846399999,397801237.54110,146871,51752.531,201340355.77722,0
1760846400000,3904.70,3907.06,3889.00,3901.48,65057.717,1760849999999,253575036.11744,114857,27751.257,108169291.20057,0
1760850000000,3901.48,3919.48,3892.00,3895.00,98862.803,1760853599999,386030975.03612,160445,48427.259,189129223.56872,0
1760853600000,3895.00,3899.10,3871.50,3879.36,93466.780,1760857199999,362884468.75550,137147,43654.366,169479786.27936,0
1760857200000,3879.36,3892.00,3875.16,3886.70,50100.023,1760860799999,194547077.90462,96297,25768.490,100071654.70208,0
1760860800000,3886.70,3960.00,3810.00,3861.22,550284.091,1760864399999,2139381929.10901,546098,254589.800,990977650.07409,0
1760864400000,3861.23,3929.99,3847.00,3911.26,316648.123,1760867999999,1230788209.85420,452631,164742.280,640789427.37634,0
1760868000000,3911.26,3948.39,3896.85,3929.58,208757.719,1760871599999,819134711.51215,356437,111251.919,436592039.35946,0
1760871600000,3929.57,3950.00,3913.38,3922.20,146466.317,1760875199999,576249758.48002,268646,74660.423,293746448.23776,0
1760875200000,3922.21,3928.48,3906.76,3920.86,87479.095,1760878799999,342659318.54632,161661,39485.340,154680818.55397,0
1760878800000,3920.86,3988.24,3911.98,3970.25,188734.044,1760882399999,745764761.42645,295676,108683.899,429518951.27003,0
1760882400000,3970.24,4001.00,3952.38,3987.29,314242.798,1760885999999,1250716348.84948,430123,165251.405,657855601.94463,0
1760886000000,3987.30,3991.00,3971.57,3977.55,89467.192,1760889599999,356063407.37863,165799,46482.315,184978233.37121,0
1760889600000,3977.54,3986.83,3957.00,3979.19,121654.863,1760893199999,483173893.82055,178847,56920.622,226116991.77841,0
1760893200000,3979.20,4026.31,3978.58,3991.44,296611.518,1760896799999,1187569102.97069,338783,157026.716,628675987.69419,0
1760896800000,3991.44,4005.26,3984.34,3999.60,58307.426,1760900399999,232957594.27475,124225,31167.048,124528390.28439,0
1760900400000,3999.60,4003.40,3975.86,3984.63,73953.385,1760903999999,294798222.78142,127656,34938.070,139285644.42163,0
1760904000000,3984.63,4002.10,3971.76,3999.16,60888.584,1760907599999,242676579.86887,112245,33548.554,133755127.85018,0
1760907600000,3999.16,4002.95,3982.53,3995.65,47423.391,1760911199999,189397841.54239,92504,19929.527,79589320.13455,0
1760911200000,3995.65,4030.00,3986.74,4018.54,107965.064,1760914799999,433074336.96461,215880,59476.068,238580650.66140,0
1760914800000,4018.55,4018.55,3967.00,3980.59,129635.671,1760918399999,517139853.77673,194086,57169.670,228082815.76582,0
1760918400000,3980.60,3980.77,3906.89,3940.25,294758.845,1760921999999,1160699502.41805,432502,139864.163,550545394.03882,0
1760922000000,3940.24,3952.71,3927.97,3936.14,103674.223,1760925599999,408722569.56737,217934,51664.288,203714284.42763,0
1760925600000,3936.14,3965.26,3917.23,3954.82,149699.331,1760929199999,590421662.81515,247806,75434.186,297657271.85730,0
1760929200000,3954.84,4040.00,3945.82,4025.88,225566.956,1760932799999,901316526.15659,370452,120149.511,480111079.61918,0
1760932800000,4025.87,4054.74,4021.42,4052.88,217872.010,1760936399999,879481769.55966,353606,114020.298,460401436.69705,0
1760936400000,4052.87,4073.81,4040.21,4059.26,181374.971,1760939999999,735638347.85603,300438,87121.935,353446755.00118,0
1760940000000,4059.26,4085.00,4054.84,4073.06,156804.912,1760943599999,638695837.31116,283372,80571.064,328222372.76395,0
1760943600000,4073.05,4075.66,4050.37,4053.36,139307.321,1760947199999,566072920.21090,219274,55847.098,226940765.29189,0
1760947200000,4053.35,4069.89,4031.82,4043.81,198064.692,1760950799999,801656527.92569,279048,100710.433,407664062.98974,0
1760950800000,4043.81,4050.39,4032.99,4042.94,96661.473,1760954399999,390438713.58263,162885,48714.470,196782510.69223,0
1760954400000,4042.94,4051.64,4013.40,4024.31,159112.962,1760957999999,641507062.56719,231799,73503.644,296410970.95847,0
1760958000000,4024.31,4039.88,4010.58,4032.83,135022.455,1760961599999,543530730.87504,211190,60742.128,244529067.14768,0
1760961600000,4032.83,4037.76,4022.51,4035.89,77038.881,1760965199999,310469268.48810,156521,35196.730,141864721.99470,0
1760965200000,4035.89,4043.13,4016.39,4037.42,167876.390,1760968799999,676773461.02640,306570,84461.891,340507999.71802,0
1760968800000,4037.42,4047.04,4010.20,4037.55,177967.720,1760972399999,717474780.96918,293375,98692.283,397956838.64437,0
1760972400000,4037.57,4048.96,4001.00,4002.73,226146.056,1760975999999,910136427.30470,334853,111332.150,448151302.83543,0
1760976000000,4002.73,4002.73,3924.05,3947.76,580614.306,1760979599999,2298045032.39303,698757,278000.922,1100125749.07342,0
1760979600000,3947.76,3963.49,3920.30,3949.56,224901.771,1760983199999,887109358.44532,304974,114543.517,451901094.17118,0
1760983200000,3949.56,3974.97,3944.00,3972.28,99420.835,1760986799999,393641890.39904,171136,54090.071,214177103.78997,0
1760986800000,3972.28,3990.43,3957.45,3978.78,115710.619,1760990399999,459997828.41297,189948,60427.302,240287488.47132,0
1760990400000,3978.76,3996.80,3972.25,3996.77,68506.300,1760993999999,273051481.60820,134696,34237.797,136481382.79257,0
1760994000000,3996.77,4001.96,3968.74,3975.28,81778.821,1760997599999,325955412.16219,106894,33913.227,135213707.09096,0
1760997600000,3975.28,3989.64,3968.88,3987.00,49372.453,1761001199999,196559592.38215,102105,29310.858,116669208.20781,0
1761001200000,3987.01,3992.07,3973.82,3977.54,36939.403,1761004799999,147060087.59283,87028,16260.607,64737825.69840,0
1761004800000,3977.54,3984.68,3959.81,3970.51,64981.179,1761008399999,258145179.56740,127971,28321.590,112532925.89010,0
1761008400000,3970.50,3972.46,3933.00,3946.56,128763.902,1761011999999,508809288.87537,198774,50955.780,201398027.75961,0
1761012000000,3946.56,3949.51,3923.00,3929.71,130005.921,1761015599999,511442967.37669,221941,64933.821,255448477.35090,0
1761015600000,3929.71,3941.86,3918.00,3921.41,85532.606,1761019199999,336060530.34852,166819,38664.338,151964788.84380,0
1761019200000,3921.42,3921.42,3841.50,3849.22,437377.193,1761022799999,1694085174.69905,644684,187585.167,726396472.92188,0
1761022800000,3849.22,3872.22,3838.21,3862.04,232498.875,1761026399999,896945650.90335,324050,117580.639,453608970.33030,0
1761026400000,3862.04,3890.95,3853.26,3885.01,140471.036,1761029999999,544633484.31276,229494,76842.998,297917695.01473,0
1761030000000,3885.00,3895.00,3873.33,3890.52,91915.022,1761033599999,357198610.12254,145196,43643.950,169618713.27053,0
1761033600000,3890.53,3891.42,3850.02,3866.39,163233.997,1761037199999,631558946.83601,213309,72293.442,279665669.63877,0
1761037200000,3866.40,3873.24,3855.00,3862.76,77335.831,1761040799999,298891913.13354,132957,37414.567,144603211.63886,0
1761040800000,3862.75,3896.00,3858.00,3882.28,130632.966,1761044399999,506573403.63388,192475,75157.105,291456193.17969,0
1761044400000,3882.27,3893.00,3868.00,3888.33,99124.968,1761047999999,384783236.86111,147794,47908.638,185979943.01287,0
1761048000000,3888.34,3917.00,3874.52,3878.89,213819.153,1761051599999,833667246.83216,281295,104317.647,406839494.60284,0
1761051600000,3878.89,3897.77,3850.20,3864.78,255765.258,1761055199999,990437215.42969,445671,122760.285,475464004.67010,0
1761055200000,3864.77,4023.58,3863.40,4019.95,741952.003,1761058799999,2928063109.05467,915097,410027.512,1618086829.38831,0
1761058800000,4019.95,4083.78,3994.51,4080.41,635199.125,1761062399999,2568691931.26679,916365,309646.305,1252573423.34265,0
1761062400000,4080.41,4108.41,4017.34,4028.02,639431.938,1761065999999,2609001452.92582,771325,297918.022,1216408966.71049,0
1761066000000,4028.04,4039.34,3963.19,4013.00,625897.187,1761069599999,2506541520.78151,828563,314107.585,1258152019.18494,0
1761069600000,4013.01,4021.85,3972.66,4011.85,225084.152,1761073199999,898690194.53510,365838,106384.574,424790767.23077,0
1761073200000,4011.85,4020.99,3991.39,3994.04,94571.678,1761076799999,378978648.67044,201177,46439.244,186106630.73707,0
1761076800000,3994.03,3999.31,3934.00,3952.27,208312.822,1761080399999,824445224.81545,353244,95632.013,378493601.71327,0
1761080400000,3952.26,3964.63,3887.01,3943.69,197561.106,1761083999999,776139454.81833,268412,91973.919,361402896.28345,0
1761084000000,3943.70,3947.91,3890.33,3899.40,233027.288,1761087599999,912362057.59096,421452,117725.078,460944438.46709,0
1761087600000,3899.40,3909.31,3855.55,3871.11,212963.545,1761091199999,826077095.80351,368746,107543.379,417135021.25053,0
1761091200000,3871.11,3887.45,3815.37,3840.39,280578.118,1761094799999,1079971137.41009,460274,124994.249,481303845.99971,0
1761094800000,3840.39,3873.18,3839.01,3867.95,147825.873,1761098399999,570092788.51028,261268,80458.411,310276886.12198,0
1761098400000,3867.95,3874.94,3858.79,3859.39,87158.028,1761101999999,336983769.05572,145040,43969.661,170001538.19544,0
1761102000000,3859.38,3862.17,3838.81,3858.14,117772.624,1761105599999,453463547.28398,180767,57770.923,222441079.70798,0
1761105600000,3858.13,3882.93,3856.00,3876.92,108747.690,1761109199999,421060037.75396,167158,61778.063,239222406.37287,0
1761109200000,3876.93,3880.32,3835.69,3858.85,154142.613,1761112799999,594038237.63642,255784,76475.497,294703458.87831,0
1761112800000,3858.86,3869.00,3851.00,3851.54,66698.397,1761116399999,257456004.01071,139209,31056.981,119880867.83087,0
1761116400000,3851.54,3875.00,3840.00,3866.87,115538.157,1761119999999,445426908.48514,197953,63561.430,245060961.51304,0
1761120000000,3866.88,3867.47,3846.89,3852.40,77733.409,1761123599999,299724585.84539,143689,36146.620,139363573.02828,0
1761123600000,3852.40,3856.97,3822.20,3835.63,165306.657,1761127199999,634669280.83365,248698,73995.246,284169593.83051,0
1761127200000,3835.64,3848.15,3815.00,3818.83,135069.403,1761130799999,517549901.59407,229039,57301.131,219591132.47744,0
1761130800000,3818.83,3837.82,3765.00,3827.02,463174.832,1761134399999,1764615071.88401,633204,226182.481,862129520.29512,0
1761134400000,3827.03,3855.35,3818.80,3844.79,175833.521,1761137999999,675361994.22623,253834,91637.127,351943948.63444,0
1761138000000,3844.78,3875.56,3822.65,3871.31,342682.480,1761141599999,1318118230.61419,484474,184727.578,710614625.23408,0
1761141600000,3871.30,3873.58,3777.03,3852.35,560044.638,1761145199999,2137397202.31253,925273,271202.530,1035254171.93325,0
1761145200000,3852.35,3863.44,3788.50,3839.73,360376.069,1761148799999,1379294659.97500,758895,174902.079,669359034.39019,0
1761148800000,3839.72,3859.64,3809.10,3834.23,323378.495,1761152399999,1239306238.22346,657455,157362.407,603199734.82527,0
1761152400000,3834.24,3841.70,3792.56,3805.88,148619.410,1761155999999,567534299.82119,372336,72706.325,277707828.53594,0
1761156000000,3805.88,3820.43,3790.00,3801.13,156453.687,1761159599999,595171331.23101,383014,73466.047,279470630.13837,0
1761159600000,3801.14,3826.66,3780.00,3802.52,165810.698,1761163199999,631312658.84517,359193,81192.985,309135313.74749,0
1761163200000,3802.53,3809.09,3768.00,3779.44,142805.349,1761166799999,540995122.87359,309621,62138.178,235449048.11882,0
1761166800000,3779.44,3780.70,3706.31,3742.54,364111.989,1761170399999,1362195628.06294,489494,155959.824,583532795.27832,0
1761170400000,3742.53,3760.62,3730.51,3750.13,126327.638,1761173999999,473431903.71687,284495,62880.703,235663040.63884,0
1761174000000,3750.13,3816.71,3748.47,3803.93,228733.090,1761177599999,867246873.40918,329843,138831.723,526320360.81297,0
1761177600000,3803.94,3820.53,3794.89,3813.92,95809.680,1761181199999,364923080.22590,223255,49736.531,189438639.45762,0
1761181200000,3813.93,3835.32,3810.02,3819.47,111451.544,1761184799999,425878884.52595,211712,62039.247,237077097.66162,0
1761184800000,3819.46,3833.00,3813.00,3824.00,79050.868,1761188399999,302187766.62595,139496,40739.781,155742881.82015,0
1761188400000,3823.99,3833.00,3820.50,3825.18,51953.253,1761191999999,198816615.60185,115494,24927.112,95387556.12206,0
1761192000000,3825.19,3846.99,3820.51,3834.01,87642.850,1761195599999,336053322.28974,153749,46830.607,179585816.16319,0
1761195600000,3834.01,3848.42,3832.69,3845.97,54062.270,1761199199999,207593568.72289,105844,24694.196,94836065.18868,0
1761199200000,3845.97,3896.00,3841.89,3889.78,249178.475,1761202799999,965134035.50805,390767,129368.181,501097853.98423,0
1761202800000,3889.78,3890.81,3868.61,3879.76,149880.399,1761206399999,581490545.31316,240188,68068.663,264085377.64280,0
1761206400000,3879.76,3905.47,3879.54,3885.72,155524.070,1761209999999,605347369.61698,268694,79802.909,310646483.88842,0
1761210000000,3885.71,3889.87,3873.30,3888.88,109598.420,1761213599999,425350227.57892,181548,47006.220,182455801.39699,0
1761213600000,3888.88,3903.89,3874.58,3875.66,155299.373,1761217199999,603821522.03182,208969,68290.242,265545864.75313,0
1761217200000,3875.66,3886.43,3857.14,3861.86,139496.618,1761220799999,539873514.83485,222762,61007.296,236186924.14188,0
1761220800000,3861.86,3861.87,3835.00,3851.59,191075.269,1761224399999,735195405.11653,317619,90938.466,349888692.09336,0
1761224400000,3851.59,3866.22,3831.33,3850.40,238003.537,1761227999999,915684853.08219,442939,129537.841,498442187.18024,0
1761228000000,3850.41,3853.20,3807.01,3846.12,317259.901,1761231599999,1215203320.98588,577532,165840.653,635275897.56498,0
1761231600000,3846.11,3885.88,3841.17,3874.87,284629.302,1761235199999,1100320954.67764,492471,141410.755,546709678.57211,0
1761235200000,3874.87,3933.40,3863.13,3916.36,253277.169,1761238799999,986727678.62568,373296,136450.196,531763890.05649,0
1761238800000,3916.36,3926.26,3874.19,3919.39,323245.362,1761242399999,1261051888.39884,476331,151332.948,590372512.47857,0
1761242400000,3919.38,3920.76,3856.66,3868.64,200202.377,1761245999999,777991067.03596,334636,89061.398,346067262.12164,0
1761246000000,3868.64,3869.56,3842.81,3857.69,120504.567,1761249599999,464614717.09668,229002,57911.429,223315728.37651,0
1761249600000,3857.69,3858.44,3816.88,3827.57,124087.616,1761253199999,476429359.62332,243139,55312.332,212433747.87991,0
1761253200000,3827.57,3835.71,3819.71,3826.71,65495.332,1761256799999,250657745.45404,124865,38160.625,146035998.02193,0
1761256800000,3826.70,3855.32,3824.45,3848.79,87455.932,1761260399999,336054502.49366,153820,54685.283,210132148.68465,0
1761260400000,3848.80,3859.48,3843.24,3855.21,59752.732,1761263999999,230156525.79272,123265,34015.499,131023290.99142,0
1761264000000,3855.22,3875.40,3844.02,3865.60,114459.294,1761267599999,441655506.51676,236644,57603.297,222301810.03308,0
1761267600000,3865.61,3881.85,3856.00,3879.59,66883.067,1761271199999,258844938.71216,166012,34961.410,135323003.87706,0
1761271200000,3879.60,3895.19,3868.78,3887.39,73097.360,1761274799999,283778178.91848,151842,38702.543,150281935.07147,0
1761274800000,3887.39,3890.53,3876.80,3889.43,71513.845,1761278399999,277745121.32238,123500,30997.439,120391400.58166,0
1761278400000,3889.44,3978.95,3884.32,3972.85,333708.875,1761281999999,1314638052.68060,466914,185128.911,729064108.33604,0
1761282000000,3972.84,3988.00,3955.20,3972.71,182468.368,1761285599999,724322374.61515,288380,80761.590,320674739.47187,0
1761285600000,3972.72,3986.33,3961.52,3980.86,121534.858,1761289199999,483083739.86442,189397,59067.187,234818699.24742,0
1761289200000,3980.87,3982.56,3933.00,3947.64,218175.799,1761292799999,862877141.46105,295534,88335.865,349279121.13564,0
1761292800000,3947.65,3964.04,3928.11,3951.00,174460.464,1761296399999,688098541.94381,277097,89568.261,353380466.72641,0
1761296400000,3951.00,3967.42,3947.70,3956.87,92456.545,1761299999999,366075057.13025,183960,45019.733,178265426.36497,0
1761300000000,3956.87,3963.36,3945.30,3954.94,60200.657,1761303599999,238012061.46121,137021,28230.342,111614264.21450,0
1761303600000,3954.95,3962.68,3924.00,3945.00,101201.155,1761307199999,399180416.82006,218965,45250.910,178519373.97415,0
1761307200000,3944.99,4026.48,3939.22,3962.30,448014.463,1761310799999,1782691659.94716,646608,238067.583,947551056.76722,0
1761310800000,3962.30,3977.26,3914.28,3945.01,306269.785,1761314399999,1208137579.83770,531396,141656.981,558965400.59443,0
1761314400000,3945.00,3945.26,3887.60,3900.49,329658.340,1761317999999,1288852877.41281,608812,154059.537,602302702.85609,0
1761318000000,3900.50,3929.49,3870.00,3887.09,270492.798,1761321599999,1054774746.91500,412240,125501.775,489763415.97388,0
1761321600000,3887.09,3890.90,3864.28,3887.91,174839.465,1761325199999,677756886.39031,308413,89542.382,347133494.19791,0
1761325200000,3887.92,3903.00,3873.44,3886.76,153958.232,1761328799999,599248627.16133,248657,76082.213,296158043.96443,0
1761328800000,3886.76,3913.63,3882.07,3909.88,66531.769,1761332399999,259699011.19667,160784,36848.523,143847421.10764,0
1761332400000,3909.88,3936.89,3909.87,3924.66,118763.138,1761335999999,466262081.36100,218876,65843.576,258494911.67640,0
1761336000000,3924.66,3941.00,3922.19,3936.81,55507.813,1761339599999,218367548.50383,135827,26325.569,103564495.90842,0
1761339600000,3936.82,3943.81,3923.53,3941.80,49864.790,1761343199999,196154636.09768,103457,24755.012,97392808.00482,0
1761343200000,3941.80,3943.59,3928.30,3934.27,38926.980,1761346799999,153197675.55172,78065,17255.334,67907082.41682,0
1761346800000,3934.27,3935.41,3923.83,3933.19,32443.595,1761350399999,127471133.74881,70742,13731.309,53951792.31668,0
1761350400000,3933.20,3933.99,3910.00,3917.28,72621.051,1761353999999,284707009.87827,129040,28746.775,112693277.10274,0
1761354000000,3917.28,3938.03,3913.77,3931.63,55827.998,1761357599999,219176341.88639,122157,30450.031,119545002.73860,0
1761357600000,3931.63,3936.26,3924.00,3932.44,37739.555,1761361199999,148317797.10427,79856,19163.316,75312365.74534,0
1761361200000,3932.44,3934.03,3917.22,3919.43,36199.638,1761364799999,142130366.05509,79362,14770.574,58001577.88484,0
1761364800000,3919.42,3934.98,3918.46,3921.09,47586.764,1761368399999,186772862.19669,86835,23979.482,94131684.91069,0
1761368400000,3921.09,3931.70,3918.37,3929.86,34497.491,1761371999999,135359672.82386,74087,18304.470,71831695.36948,0
1761372000000,3929.85,3934.29,3924.66,3926.79,36807.902,1761375599999,144656136.33486,82760,18484.007,72646555.75625,0
1761375600000,3926.79,3963.26,3922.75,3927.29,127471.756,1761379199999,501979404.88473,169908,67236.101,264943712.90155,0
1761379200000,3927.30,3954.75,3926.00,3952.19,70876.049,1761382799999,279309423.95167,127529,41781.863,164655720.77020,0
1761382800000,3952.19,3955.00,3938.17,3940.95,92426.892,1761386399999,364799111.17689,153181,42832.104,169072279.94066,0
1761386400000,3940.96,3946.51,3930.00,3940.64,57402.857,1761389999999,226054142.63669,106366,28012.393,110321413.52986,0
1761390000000,3940.64,3944.01,3936.60,3938.66,23165.807,1761393599999,91280381.25559,58542,10857.586,42784619.67885,0
1761393600000,3938.66,3955.00,3937.89,3951.57,51683.251,1761397199999,204085286.79140,107178,26726.642,105540781.51968,0
1761397200000,3951.57,3954.82,3933.40,3941.02,78512.954,1761400799999,309398259.28689,122808,38070.671,150035606.50387,0
1761400800000,3941.02,3946.35,3932.00,3936.83,48955.526,1761404399999,192846536.64670,90073,24287.914,95670367.13699,0
1761404400000,3936.83,3936.97,3922.83,3931.48,60284.114,1761407999999,236882136.63704,95038,30624.689,120336420.94783,0
1761408000000,3931.47,3936.79,3926.60,3931.41,36169.074,1761411599999,142174993.50050,74026,18584.680,73053665.83970,0
1761411600000,3931.42,3938.16,3929.15,3933.27,26048.653,1761415199999,102465617.17975,50319,13948.623,54867367.01126,0
1761415200000,3933.28,3968.93,3927.65,3958.21,126094.891,1761418799999,498435530.98389,169416,80162.144,316901865.73320,0
1761418800000,3958.21,3962.44,3950.13,3956.05,38736.829,1761422399999,153247332.89782,75552,20671.467,81777749.73359,0
1761422400000,3956.06,3957.78,3942.00,3943.70,44239.382,1761425999999,174781411.19142,76267,19085.405,75413471.90957,0
1761426000000,3943.70,3951.47,3932.50,3951.47,36386.577,1761429599999,143513789.77740,64170,17959.733,70853417.94228,0
1761429600000,3951.46,3963.47,3944.95,3959.70,31378.629,1761433199999,124095136.82651,70394,15345.524,60685796.90373,0
1761433200000,3959.70,3962.22,3948.38,3952.25,23797.439,1761436799999,94096869.66294,55690,10381.984,41047571.87157,0
1761436800000,3952.24,3960.00,3944.17,3948.20,44056.125,1761440399999,174102189.48806,105340,21270.763,84052854.20209,0
1761440400000,3948.20,3953.83,3914.30,3931.40,102442.441,1761443999999,402860200.91984,129993,37591.526,147867866.58591,0
1761444000000,3931.41,3937.43,3920.86,3928.65,55821.065,1761447599999,219293065.54828,106745,29857.959,117301144.98505,0
1761447600000,3928.65,3934.99,3921.68,3929.95,43276.715,1761451199999,169966308.94343,93020,21953.650,86223769.20105,0
1761451200000,3929.95,3940.97,3927.01,3937.89,29868.235,1761454799999,117492354.85694,61336,16577.893,65214736.44197,0
1761454800000,3937.89,3945.22,3935.42,3940.98,28801.384,1761458399999,113508653.01392,58337,15335.781,60442317.16493,0
1761458400000,3940.99,3944.71,3936.76,3943.00,21677.037,1761461999999,85429712.70206,47845,10763.674,42422544.43565,0
1761462000000,3943.00,3955.00,3938.99,3949.72,43987.436,1761465599999,173619344.15661,70913,24233.811,95661547.45533,0
1761465600000,3949.72,3966.33,3948.84,3958.31,52725.062,1761469199999,208553010.13147,87017,26411.703,104490638.58531,0
1761469200000,3958.31,4011.00,3954.47,3986.09,315592.120,1761472799999,1257959076.35934,384066,153975.850,613789477.55023,0
1761472800000,3986.09,3988.56,3972.58,3981.18,102717.011,1761476399999,408902810.29778,163364,48893.934,194647617.98242,0
1761476400000,3981.18,4054.00,3974.24,4043.08,361427.102,1761479999999,1452898157.24393,468547,188888.017,759114480.40891,0
1761480000000,4043.08,4077.08,4039.00,4070.99,284956.551,1761483599999,1156216360.01227,399528,144130.031,584970226.02073,0
1761483600000,4071.00,4098.00,4061.00,4082.39,240026.548,1761487199999,979273406.62005,339597,125203.562,510893038.65970,0
1761487200000,4082.38,4089.99,4061.17,4065.59,148755.436,1761490799999,606228077.33993,242588,66443.535,270779388.35669,0
1761490800000,4065.58,4076.43,4058.00,4073.45,106547.480,1761494399999,433299158.74967,176392,54787.706,222845679.02522,0
1761494400000,4073.45,4074.20,4043.43,4054.26,128842.238,1761497999999,522617017.56971,198724,53863.676,218508195.95472,0
1761498000000,4054.26,4068.47,4051.74,4058.39,63235.516,1761501599999,256812940.91832,112699,36793.511,149423800.41577,0
1761501600000,4058.39,4079.86,4056.75,4070.81,57008.188,1761505199999,232069421.23311,117272,30486.922,124098583.02080,0
1761505200000,4070.81,4071.24,4063.56,4066.58,27913.547,1761508799999,113531296.52590,73113,12469.408,50716364.35834,0
1761508800000,4066.58,4071.86,4053.07,4060.16,44012.363,1761512399999,178819551.56488,95445,20534.580,83437060.40483,0
1761512400000,4060.17,4095.69,4053.67,4079.08,72628.887,1761515999999,296016065.30813,128248,42111.482,171680557.93991,0
1761516000000,4079.08,4179.27,4078.80,4158.55,395178.977,1761519599999,1635915554.44924,669377,223175.454,923499838.32011,0
1761519600000,4158.55,4177.71,4146.00,4156.37,157889.400,1761523199999,657232882.06164,331944,67013.616,279006455.50522,0
1761523200000,4156.36,4188.00,4145.27,4168.64,195837.385,1761526799999,816583235.09823,360398,89605.780,373744013.44802,0
1761526800000,4168.64,4207.95,4165.22,4190.34,209291.355,1761530399999,877040879.03603,312512,107325.266,449728318.54185,0
1761530400000,4190.34,4217.60,4181.83,4203.60,179708.262,1761533999999,754878107.13642,320798,93288.336,391918831.11448,0
1761534000000,4203.60,4225.14,4198.50,4203.21,112705.550,1761537599999,474439702.98548,232247,59343.049,249870182.42957,0
1761537600000,4203.22,4216.84,4193.06,4211.25,83677.549,1761541199999,351677349.63237,166110,41533.471,174566411.89638,0
1761541200000,4211.25,4253.00,4208.51,4231.40,221923.236,1761544799999,939751622.49475,335129,122071.233,516918281.97867,0
1761544800000,4231.40,4243.51,4221.00,4233.32,104512.865,1761548399999,442226673.75874,224360,49274.886,208515969.13464,0
1761548400000,4233.32,4246.80,4193.52,4200.00,212408.773,1761551999999,894645162.52197,305575,94609.520,398526095.20902,0
1761552000000,4199.99,4200.42,4154.65,4165.60,286220.656,1761555599999,1195378016.20741,368884,131309.588,548327611.60225,0
1761555600000,4165.59,4172.00,4153.00,4158.96,172056.176,1761559199999,716131933.40544,257855,87654.055,364828513.18102,0
1761559200000,4158.95,4173.29,4152.81,4165.50,97532.388,1761562799999,406263308.40543,178824,53914.833,224589469.75442,0
1761562800000,4165.50,4174.33,4130.00,4160.51,194617.294,1761566399999,807705956.14780,285436,92022.581,382066669.77691,0
1761566400000,4160.50,4165.55,4136.00,4143.54,100683.025,1761569999999,417642376.41008,214684,48742.282,202183216.90819,0
1761570000000,4143.54,4186.77,4125.01,4175.65,288328.024,1761573599999,1198867262.67171,462024,146645.343,609948537.70398,0
1761573600000,4175.65,4181.20,4122.02,4147.75,279254.180,1761577199999,1157702438.83467,493400,136455.215,565727987.19158,0
1761577200000,4147.75,4174.55,4146.14,4171.25,137077.942,1761580799999,570574224.51511,310980,72561.910,302028711.04676,0
1761580800000,4171.25,4216.84,4171.24,4212.00,229294.327,1761584399999,962216165.30810,352956,123267.387,517310714.64356,0
1761584400000,4212.00,4224.00,4195.96,4219.10,124097.177,1761587999999,522677321.13721,248073,58224.436,245277525.70665,0
1761588000000,4219.10,4231.64,4204.84,4213.03,103340.581,1761591599999,435945696.07734,209327,48344.180,203966946.68843,0
1761591600000,4213.04,4219.00,4182.57,4192.42,161492.449,1761595199999,678305987.92794,269943,71594.972,300724575.30705,0
1761595200000,4192.41,4194.07,4127.00,4127.00,266150.962,1761598799999,1105459605.03533,388130,123518.496,513048914.83949,0
1761598800000,4127.00,4137.93,4090.61,4114.56,194676.152,1761602399999,801297140.20000,253161,90010.797,370675006.70311,0
1761602400000,4114.55,4142.60,4107.56,4121.00,123613.653,1761605999999,510202264.39247,216610,71144.611,293642213.85262,0
1761606000000,4121.00,4126.25,4101.00,4118.47,99461.841,1761609599999,409200513.12981,210444,47685.496,196200888.03571,0
1761609600000,4118.46,4132.45,4105.50,4113.75,107188.564,1761613199999,441208822.49823,197780,54003.359,222313451.77633,0
1761613200000,4113.76,4140.26,4113.76,4134.83,92818.231,1761616799999,383239146.44592,183725,51830.499,214014279.23576,0
1761616800000,4134.83,4139.69,4072.68,4094.02,199106.258,1761620399999,816473736.10354,281276,81623.327,334920615.26855,0
1761620400000,4094.02,4099.00,4066.88,4092.48,164326.516,1761623999999,671440140.05515,256631,77080.630,315042648.21613,0
1761624000000,4092.47,4104.76,4086.00,4097.85,72882.023,1761627599999,298658243.23657,151741,41492.399,170036404.34549,0
1761627600000,4097.85,4102.23,4064.29,4067.00,130282.731,1761631199999,531503260.47440,227782,56719.835,231403314.38083,0
1761631200000,4067.01,4113.46,4066.00,4111.36,133076.279,1761634799999,544612724.44669,220931,76734.393,314032808.04203,0
1761634800000,4111.37,4125.95,4108.57,4115.36,110361.080,1761638399999,454322969.73177,192162,54991.032,226393440.87669,0
1761638400000,4115.36,4134.46,4108.60,4121.69,101187.695,1761641999999,417261897.91724,188574,55045.949,227012593.34056,0
1761642000000,4121.69,4127.62,4102.35,4120.80,102577.138,1761645599999,422029154.24288,186007,49240.447,202616085.04636,0
1761645600000,4120.81,4123.00,4106.57,4116.27,58129.166,1761649199999,239133269.10186,116887,29481.504,121285995.89539,0
1761649200000,4116.27,4125.64,4107.70,4110.11,54502.684,1761652799999,224346891.07121,132876,23703.192,97577162.86316,0
1761652800000,4110.11,4124.58,4095.00,4120.00,119427.143,1761656399999,490741449.03511,201093,59038.419,242621998.22948,0
1761656400000,4120.00,4166.00,4119.78,4157.08,281301.115,1761659999999,1165914928.05580,470945,150393.246,623338874.79990,0
1761660000000,4157.08,4174.08,4066.00,4117.29,458893.895,1761663599999,1891709030.34187,723839,214796.901,885414935.21293,0
1761663600000,4117.29,4139.48,4085.01,4095.35,220888.470,1761667199999,908187463.82333,455893,102141.362,419939951.23039,0
1761667200000,4095.36,4139.10,4091.13,4132.92,178911.116,1761670799999,736682667.06169,366731,92995.134,382975289.73270,0
1761670800000,4132.93,4145.89,4120.00,4138.29,105199.674,1761674399999,435057619.32348,244031,47154.432,195031759.83671,0
1761674400000,4138.30,4149.87,4102.14,4113.19,144150.544,1761677999999,594401133.21957,268015,68038.812,280493111.89669,0
1761678000000,4113.20,4117.28,4024.49,4037.26,400754.234,1761681599999,1626889935.20946,571480,166516.863,676124111.17408,0
1761681600000,4037.22,4040.00,3957.01,3977.01,581314.717,1761685199999,2318704752.46388,856775,266731.667,1063748344.98994,0
1761685200000,3977.00,3989.80,3925.01,3980.30,275535.066,1761688799999,1091008639.98227,398679,135623.462,537158139.11717,0
1761688800000,3980.30,3997.99,3970.22,3992.96,120021.238,1761692399999,478369197.86644,257940,63296.297,252310359.80243,0
1761692400000,3992.96,3994.20,3974.62,3977.56,79140.641,1761695999999,315158038.10997,171319,34242.630,136375556.01725,0
1761696000000,3977.56,3991.46,3967.25,3970.65,96777.600,1761699599999,384940016.36869,216686,48045.789,191118356.06736,0
1761699600000,3970.64,4006.00,3962.28,3980.34,150734.719,1761703199999,600424312.62355,269689,80192.109,319467693.82511,0
1761703200000,3980.34,4003.00,3978.56,4001.06,74192.688,1761706799999,296153330.79505,156342,45489.728,181592713.18210,0
1761706800000,4001.06,4001.17,3984.06,3996.00,68360.018,1761710399999,273011773.85409,152226,33080.349,132112056.02842,0
1761710400000,3996.01,4018.75,3994.35,4011.47,76043.028,1761713999999,304847780.67422,151663,42176.675,169080216.78765,0
1761714000000,4011.47,4034.28,4010.52,4025.01,109492.905,1761717599999,440659955.81031,179726,53878.527,216815489.08731,0
1761717600000,4025.00,4034.99,4014.42,4022.84,81351.553,1761721199999,327330633.48185,148552,38476.669,154822414.27124,0
1761721200000,4022.84,4029.65,4010.06,4022.83,71935.822,1761724799999,289149077.58638,138982,33445.084,134445037.04444,0
1761724800000,4022.83,4024.83,4001.69,4005.56,107903.442,1761728399999,432846000.24602,166620,47400.109,190174532.85042,0
1761728400000,4005.57,4008.18,3985.00,3995.67,163990.372,1761731999999,655317449.83650,215892,70498.622,281721182.27612,0
1761732000000,3995.67,4003.00,3986.00,3987.11,86489.990,1761735599999,345569966.90235,170146,45881.493,183340633.23805,0
1761735600000,3987.12,4014.32,3982.00,4009.14,98653.664,1761739199999,394796937.62460,187031,54089.017,216470188.21356,0
1761739200000,4009.13,4018.56,4002.07,4014.00,58098.185,1761742799999,232945021.52327,142204,29568.512,118559489.87549,0
1761742800000,4014.00,4028.01,3981.81,3993.19,222827.757,1761746399999,892317213.24497,399288,110413.310,442131831.03297,0
1761746400000,3993.19,3998.99,3970.39,3986.94,202389.905,1761749999999,806126947.98396,389091,98958.205,394218561.29322,0
1761750000000,3986.94,3993.18,3939.14,3950.23,273143.481,1761753599999,1082217024.64260,495199,124520.886,493388679.47084,0
1761753600000,3950.23,3976.00,3923.56,3961.00,273531.832,1761757199999,1080751215.51615,478346,134958.599,533224247.15954,0
1761757200000,3961.00,4014.77,3957.77,4012.63,195404.258,1761760799999,779600065.38060,343469,98799.913,394190380.79580,0
1761760800000,4012.63,4017.11,3836.00,3915.29,1131864.501,1761764399999,4434168407.70849,1490487,537567.409,2106509887.37665,0
1761764400000,3915.29,3956.00,3885.67,3903.54,379319.918,1761767999999,1487892469.65858,732948,184923.280,725478695.06219,0
1761768000000,3903.54,3951.30,3886.04,3949.32,186147.611,1761771599999,729666940.35995,399660,100542.943,394208163.97055,0
1761771600000,3949.32,3962.55,3928.40,3954.41,78189.070,1761775199999,308599067.27439,146794,39321.011,155200802.79784,0
1761775200000,3954.40,3958.36,3932.16,3938.96,55437.722,1761778799999,218582830.94763,163077,24816.226,97849544.23604,0
1761778800000,3938.95,3939.40,3871.17,3900.38,215930.293,1761782399999,841675995.22713,333994,99188.950,386620287.89292,0
1761782400000,3900.38,3921.00,3882.36,3920.31,133467.901,1761785999999,521241867.26037,296917,69199.923,270216830.94116,0
1761786000000,3920.31,3933.80,3903.35,3925.61,97978.185,1761789599999,383998352.93900,240619,46167.592,180939349.64489,0
1761789600000,3925.61,3945.65,3921.32,3943.95,89904.086,1761793199999,354000677.35891,191543,44412.053,174878948.83603,0
1761793200000,3943.95,3947.00,3926.03,3932.54,79686.848,1761796799999,313666622.73336,173399,42081.712,165641766.99309,0
1761796800000,3932.53,3933.12,3836.82,3869.56,617265.211,1761800399999,2395533139.28433,950471,297233.894,1153809331.95242,0
1761800400000,3869.55,3921.87,3854.01,3914.85,289144.451,1761803999999,1123847505.19440,495790,141058.666,548420757.65110,0
1761804000000,3914.86,3925.00,3895.17,3911.39,134844.792,1761807599999,527376886.32260,289781,69118.172,270308257.64602,0
1761807600000,3911.39,3943.00,3905.88,3938.18,153065.907,1761811199999,601787341.56091,242265,83363.508,327722857.82770,0
1761811200000,3938.19,3938.41,3914.14,3919.64,106773.557,1761814799999,419312937.32020,206504,44777.772,175846392.17294,0
1761814800000,3919.65,3922.93,3890.14,3898.57,153536.725,1761818399999,599347081.81666,267381,74440.675,290586249.18619,0
1761818400000,3898.58,3906.41,3880.77,3891.31,118213.024,1761821999999,460359983.60256,227845,57649.295,224537384.41551,0
1761822000000,3891.31,3896.21,3875.11,3879.52,100511.191,1761825599999,390528629.98466,232014,51599.011,200516017.85941,0
1761825600000,3879.52,3883.19,3792.93,3815.66,516609.510,1761829199999,1980207679.72022,748629,235172.286,901401351.59488,0
1761829200000,3815.66,3835.00,3756.03,3764.66,614046.275,1761832799999,2330301589.31703,831615,286587.602,1088233687.21599,0
1761832800000,3764.65,3805.00,3762.50,3798.71,328699.962,1761836399999,1243666741.18088,623182,165122.299,624864625.26333,0
1761836400000,3798.72,3805.40,3755.81,3771.61,232077.955,1761839999999,876337499.11508,465589,114000.129,430509674.84909,0
1761840000000,3771.61,3800.45,3761.00,3779.37,185262.169,1761843599999,700846260.43958,361954,94028.636,355722464.07874,0
1761843600000,3779.38,3779.38,3726.00,3769.66,474412.650,1761847199999,1777791628.25861,620591,234124.202,877486586.16039,0
1761847200000,3769.66,3771.00,3719.12,3720.00,236246.396,1761850799999,883485002.36727,374348,106832.802,399568370.10446,0
1761850800000,3720.00,3736.36,3677.70,3685.25,441608.624,1761854399999,1637457240.82746,623267,206336.891,765479693.14170,0
1761854400000,3685.25,3756.38,3678.33,3755.00,276987.050,1761857999999,1029339436.84439,546229,157521.993,585485945.93826,0
1761858000000,3755.01,3780.00,3745.59,3771.56,183903.818,1761861599999,691998983.19371,212354,109024.517,410445487.18463,0
1761861600000,3771.56,3782.00,3762.19,3781.93,94151.401,1761865199999,355059152.36909,178368,40624.308,153216785.24085,0
1761865200000,3781.93,3805.00,3771.46,3802.80,110776.253,1761868799999,419637510.73856,205426,63736.398,241503830.95994,0
1761868800000,3802.80,3838.28,3794.13,3829.90,158232.932,1761872399999,603789709.19801,275897,78218.523,298554383.59622,0
1761872400000,3829.90,3860.00,3824.00,3845.49,213095.549,1761875999999,819405039.54300,309216,107910.572,414967800.06711,0
1761876000000,3845.48,3850.00,3805.49,3820.05,203007.279,1761879599999,776692306.68369,296859,88409.527,338220231.91417,0
1761879600000,3820.06,3835.06,3810.00,3827.60,107889.962,1761883199999,412711560.20623,201934,52991.711,202711516.31313,0
1761883200000,3827.60,3872.00,3824.70,3861.13,271569.876,1761886799999,1047768237.84520,341624,159830.645,616583140.08607,0
1761886800000,3861.12,3862.00,3844.18,3849.06,92141.516,1761890399999,355000623.74696,155305,43507.901,167647730.48732,0
1761890400000,3849.06,3851.60,3821.47,3829.62,120605.805,1761893999999,462258738.23593,203266,52365.640,200695026.29439,0
1761894000000,3829.62,3840.00,3818.78,3829.43,111949.844,1761897599999,428682513.83038,171815,58343.635,223416862.24641,0
1761897600000,3829.43,3852.89,3816.29,3850.26,116138.798,1761901199999,445551387.52626,201459,67954.235,260782658.11926,0
1761901200000,3850.26,3863.39,3838.00,3843.78,94871.152,1761904799999,365014434.61384,176275,45738.604,175994034.60219,0
1761904800000,3843.77,3852.90,3831.00,3834.00,65436.321,1761908399999,251477628.51653,139130,29438.139,113147028.85122,0
1761908400000,3834.00,3882.00,3826.11,3872.15,175237.962,1761911999999,675332340.50286,252538,89411.372,344640601.03590,0
1761912000000,3872.16,3887.02,3832.74,3834.79,250889.882,1761915599999,968554755.65242,358507,117659.331,454237842.41559,0
1761915600000,3834.80,3872.04,3830.00,3857.75,205267.644,1761919199999,790062970.93401,373760,105363.406,405600553.85152,0
1761919200000,3857.71,3871.84,3835.90,3865.97,248111.599,1761922799999,956468222.82015,483945,109914.452,423817278.40506,0
1761922800000,3865.97,3880.94,3851.22,3858.58,221369.230,1761926399999,855781958.10593,409643,101944.186,394143478.32189,0
1761926400000,3858.58,3866.56,3812.43,3820.87,244907.335,1761929999999,939871680.28389,389275,113627.780,436107533.94999,0
1761930000000,3820.87,3833.34,3802.64,3826.68,185041.575,1761933599999,706658120.64258,377661,94461.881,360791545.25864,0
1761933600000,3826.68,3867.27,3807.22,3851.42,248312.243,1761937199999,953822286.86198,366197,144848.525,556399950.35876,0
1761937200000,3851.40,3904.90,3835.02,3884.91,244676.991,1761940799999,948922870.65678,370866,131714.063,510709511.80410,0
1761940800000,3884.91,3892.13,3854.29,3858.96,101351.302,1761944399999,392793043.87878,200758,45097.887,174823202.03702,0
1761944400000,3858.96,3863.98,3838.68,3860.14,75611.598,1761947999999,291299930.00230,134391,38174.436,147087245.30351,0
1761948000000,3860.14,3865.39,3849.00,3853.64,32496.953,1761951599999,125389498.53336,107598,16616.612,64117959.46211,0
1761951600000,3853.63,3857.26,3845.63,3846.42,27754.174,1761955199999,106908747.65798,77073,14129.500,54429505.35682,0
