timestamp,open,high,low,close
1759276800000,113988.70,114246.00,113899.40,114181.10
1759280400000,114181.00,114498.00,114083.30,114491.60
1759284000000,114491.60,114494.00,114218.90,114219.00
1759287600000,114219.00,114481.20,114038.70,114135.90
1759291200000,114135.80,114669.00,114095.20,114227.80
1759294800000,114227.80,114700.00,114200.80,114511.40
1759298400000,114511.50,114570.10,114170.00,114212.80
1759302000000,114212.70,114539.10,114184.90,114480.80
1759305600000,114480.80,116599.80,114425.60,116060.50
1759309200000,116060.40,116500.00,115890.70,116372.40
1759312800000,116372.30,116520.00,116154.50,116233.60
1759316400000,116233.50,116750.00,116228.10,116736.80
1759320000000,116736.80,116850.00,116311.50,116373.70
1759323600000,116373.80,116802.00,116370.40,116762.50
1759327200000,116761.90,117400.00,116655.20,117245.30
1759330800000,117245.40,117647.80,117031.00,117366.40
1759334400000,117366.50,118190.00,117259.30,117480.10
1759338000000,117480.00,117649.20,116687.50,116734.20
1759341600000,116734.30,117312.70,116731.40,117192.30
1759345200000,117192.30,117572.70,117167.60,117374.10
1759348800000,117374.00,117493.60,117104.10,117474.60
1759352400000,117474.70,117524.90,117276.30,117503.20
1759356000000,117503.20,118041.90,117503.20,117695.80
1759359600000,117695.80,118631.80,117634.90,118552.40
1759363200000,118552.00,119457.00,118367.00,118397.00
1759366800000,118397.00,118862.00,118335.00,118577.40
1759370400000,118577.50,118748.80,118433.40,118697.40
1759374000000,118697.30,119043.40,118652.50,118697.00
1759377600000,118697.00,118893.80,118372.00,118616.80
1759381200000,118616.70,118641.80,118226.40,118329.70
1759384800000,118329.70,118644.80,118251.30,118600.00
1759388400000,118599.90,118629.80,118377.10,118444.10
1759392000000,118444.10,118647.70,118307.30,118635.40
1759395600000,118635.30,118827.70,118521.70,118813.30
1759399200000,118813.30,118885.80,118530.80,118575.30
1759402800000,118575.30,118843.80,118481.60,118716.00
1759406400000,118716.10,119361.40,118690.40,119360.10
1759410000000,119360.00,119733.00,118868.20,119559.60
1759413600000,119559.60,119747.20,118606.20,118768.00
1759417200000,118768.10,119889.00,118458.40,119875.10
1759420800000,119875.10,120291.00,119564.90,119694.00
1759424400000,119694.00,119916.80,119317.00,119869.10
1759428000000,119869.10,120637.20,119859.90,120461.60
1759431600000,120461.60,120999.00,120398.20,120787.90
1759435200000,120787.80,120880.90,120258.10,120598.80
1759438800000,120598.90,120735.00,120105.10,120105.20
1759442400000,120105.10,120372.10,120018.00,120208.80
1759446000000,120208.70,120633.00,120191.90,120481.30
1759449600000,120481.30,120505.50,120033.00,120097.10
1759453200000,120097.20,120255.10,119766.00,119832.60
1759456800000,119832.60,120237.90,119823.60,120117.90
1759460400000,120118.00,120447.20,120108.50,120185.40
1759464000000,120185.40,120281.60,119954.80,120000.20
1759467600000,120000.20,120033.00,119700.00,119894.50
1759471200000,119894.50,120040.00,119725.20,119882.60
1759474800000,119882.50,119985.50,119579.60,119620.10
1759478400000,119620.10,120058.20,119200.00,120007.00
1759482000000,120007.00,120342.00,119968.60,120257.80
1759485600000,120257.90,120484.10,120226.00,120392.80
1759489200000,120392.90,120444.20,120100.00,120307.20
1759492800000,120307.20,120377.90,120061.30,120320.70
1759496400000,120320.60,120687.30,120058.00,120325.00
1759500000000,120325.10,120935.00,119820.40,120861.40
1759503600000,120861.40,122399.90,120579.10,122238.50
1759507200000,122238.50,123900.00,122238.50,122527.10
1759510800000,122527.00,123092.50,121528.10,122035.50
1759514400000,122035.60,122714.20,121425.50,122505.60
1759518000000,122505.70,122930.30,122313.00,122609.30
1759521600000,122609.30,122694.10,121986.30,122402.20
1759525200000,122402.30,122406.20,121944.70,122245.20
1759528800000,122245.20,122622.70,122245.20,122427.70
1759532400000,122427.70,122427.70,122125.10,122182.70
1759536000000,122182.60,122256.40,121936.20,122076.40
1759539600000,122076.40,122076.40,121650.80,121818.90
1759543200000,121819.00,122000.00,121636.40,121811.70
1759546800000,121811.70,122301.90,121781.90,122197.20
1759550400000,122197.30,122486.80,122168.40,122448.80
1759554000000,122448.70,122781.10,122353.80,122480.60
1759557600000,122480.70,122551.30,122325.60,122388.90
1759561200000,122388.90,122414.80,122209.70,122271.30
1759564800000,122271.40,122497.40,122141.50,122226.20
1759568400000,122226.20,122414.10,122133.00,122168.00
1759572000000,122168.00,122293.20,122062.10,122075.00
1759575600000,122075.10,122177.30,121908.30,121924.60
1759579200000,121924.60,122060.40,121891.20,121955.00
1759582800000,121954.90,122480.90,121954.90,122335.50
1759586400000,122335.50,122411.50,121944.30,121944.40
1759590000000,121944.40,122085.10,121638.50,121744.80
1759593600000,121744.80,121920.00,121533.30,121668.50
1759597200000,121668.40,121869.60,121610.00,121698.00
1759600800000,121698.00,121784.30,121432.00,121533.40
1759604400000,121533.30,121919.00,121533.30,121919.00
1759608000000,121918.90,122055.40,121832.80,121832.80
1759611600000,121832.90,122310.70,121813.40,122139.90
1759615200000,122139.90,122322.20,122089.20,122230.90
1759618800000,122231.00,122374.80,122159.90,122343.20
1759622400000,122343.20,122369.30,122101.20,122112.50
1759626000000,122112.50,122377.70,122088.10,122326.90
1759629600000,122326.80,124374.00,122290.50,124012.20
1759633200000,124012.20,124153.30,123303.60,123735.70
1759636800000,123735.70,125877.30,123678.00,125167.50
1759640400000,125167.40,125420.10,124856.20,125103.00
1759644000000,125103.00,125215.60,124784.40,124977.70
1759647600000,124977.70,125147.00,124558.80,124692.40
1759651200000,124692.50,124843.00,124524.90,124580.90
1759654800000,124581.00,124644.90,122720.40,122998.00
1759658400000,122998.00,123102.60,122472.00,122980.90
1759662000000,122981.00,123500.00,122788.00,123413.20
1759665600000,123413.30,123413.30,122875.40,123035.80
1759669200000,123035.90,123295.00,123012.30,123120.00
1759672800000,123119.90,123288.60,122684.90,122983.40
1759676400000,122983.20,122983.20,122600.00,122753.00
1759680000000,122752.90,123295.00,122160.00,123210.10
1759683600000,123210.00,123422.00,122840.90,123013.90
1759687200000,123013.80,123166.70,122814.70,122963.50
1759690800000,122963.50,122982.90,122442.60,122550.40
1759694400000,122550.50,123023.90,122425.70,122648.50
1759698000000,122648.10,122751.60,122440.10,122682.30
1759701600000,122682.30,123228.00,122682.20,123188.50
1759705200000,123188.50,123453.50,123166.00,123426.70
1759708800000,123426.70,124336.30,123018.50,123295.80
1759712400000,123295.90,124218.00,123140.30,123980.80
1759716000000,123980.80,124200.00,123385.20,124066.90
1759719600000,124066.80,124086.60,123689.30,123792.90
1759723200000,123792.80,123955.00,123525.10,123538.20
1759726800000,123538.20,123710.80,123223.90,123522.30
1759730400000,123522.30,124137.70,123522.30,123900.00
1759734000000,123900.10,123988.10,123217.90,123332.30
1759737600000,123332.40,123837.70,123332.30,123800.00
1759741200000,123800.00,124020.80,123725.50,123915.20
1759744800000,123915.10,124104.00,123850.00,123920.00
1759748400000,123920.00,124500.00,123682.10,124161.20
1759752000000,124161.30,124647.60,124123.30,124495.30
1759755600000,124495.20,125062.90,124320.00,124967.80
1759759200000,124967.70,125281.00,124245.00,124475.90
1759762800000,124475.90,125375.00,124452.10,124946.20
1759766400000,124946.20,125480.00,124742.50,125417.80
1759770000000,125417.70,125789.70,125068.70,125235.20
1759773600000,125235.30,126208.50,124979.00,125986.00
1759777200000,125986.10,126093.70,125185.10,125357.30
1759780800000,125357.30,125500.00,124986.00,125170.00
1759784400000,125170.10,125248.10,124463.00,125062.00
1759788000000,125062.10,125245.40,124733.00,124999.80
1759791600000,124999.90,125060.00,124592.00,124628.50
1759795200000,124628.60,124886.60,124541.80,124850.30
1759798800000,124850.40,125047.00,124387.60,124658.00
1759802400000,124657.90,124658.00,124100.80,124205.50
1759806000000,124205.60,124527.70,124055.00,124277.70
1759809600000,124277.80,124631.90,124056.10,124449.80
1759813200000,124449.80,124588.00,124176.10,124349.00
1759816800000,124349.00,124410.20,123720.30,123852.60
1759820400000,123852.60,124009.90,123503.90,123627.10
1759824000000,123627.10,123948.70,123261.60,123813.10
1759827600000,123813.10,124199.20,123799.50,124049.20
1759831200000,124049.20,124372.00,123951.60,124229.90
1759834800000,124229.90,124471.40,124110.70,124397.20
1759838400000,124397.10,125098.00,124271.80,124869.50
1759842000000,124869.40,125012.90,123300.10,123825.40
1759845600000,123825.40,123943.10,122500.10,122684.00
1759849200000,122684.10,122819.40,121102.00,121788.30
1759852800000,121788.20,122049.70,120720.20,121621.50
1759856400000,121621.60,121763.60,121016.60,121073.10
1759860000000,121073.20,121270.10,120516.00,120838.00
1759863600000,120838.00,122000.00,120801.60,121593.60
1759867200000,121593.50,122142.60,121593.50,121885.40
1759870800000,121885.40,122255.40,121710.90,121954.10
1759874400000,121954.00,122134.80,121735.20,121956.80
1759878000000,121956.80,121961.10,121218.00,121286.50
1759881600000,121286.60,122042.00,121219.00,121868.90
1759885200000,121868.90,122011.80,121550.10,121911.30
1759888800000,121911.30,122196.90,121761.30,121995.00
1759892400000,121995.10,121995.10,121137.00,121333.10
1759896000000,121333.10,121880.00,121005.30,121865.40
1759899600000,121865.40,121868.30,121124.20,121338.00
1759903200000,121338.10,121814.00,121020.00,121749.00
1759906800000,121749.10,121836.60,121272.70,121550.40
1759910400000,121550.50,122820.00,121468.50,122332.60
1759914000000,122332.70,122600.00,122324.50,122485.00
1759917600000,122485.00,123074.80,122449.90,122885.70
1759921200000,122885.70,123150.00,122672.80,122825.70
1759924800000,122825.80,123009.60,122478.90,122580.30
1759928400000,122580.20,122729.80,121607.80,122540.40
1759932000000,122540.40,123312.90,122043.10,122268.40
1759935600000,122268.30,122577.90,121888.00,122140.10
1759939200000,122140.10,123088.00,122055.80,122999.90
1759942800000,122999.90,124170.60,122903.80,123985.50
1759946400000,123985.50,124169.20,123359.70,123389.80
1759950000000,123389.80,123690.00,123095.00,123381.80
1759953600000,123381.80,123671.50,122757.50,122784.60
1759957200000,122784.60,123272.20,122739.70,123231.40
1759960800000,123231.50,123362.90,123126.10,123126.10
1759964400000,123126.00,123475.30,122981.20,123237.50
1759968000000,123237.40,123279.70,122782.00,122782.00
1759971600000,122782.00,122806.00,122272.70,122496.60
1759975200000,122496.50,122496.60,121411.80,121573.20
1759978800000,121573.20,122080.70,121558.80,121988.40
1759982400000,121988.40,122221.00,121845.20,122087.60
1759986000000,122087.60,122150.40,121762.20,122052.60
1759989600000,122052.60,122139.10,121810.40,121900.40
1759993200000,121900.30,122006.70,121657.30,121847.90
1759996800000,121847.80,121909.70,121081.50,121202.40
1760000400000,121202.40,121790.00,121202.40,121753.30
1760004000000,121753.40,122287.20,121591.40,122106.20
1760007600000,122106.10,122777.00,122106.10,122672.90
1760011200000,122673.00,123740.10,122640.30,123500.00
1760014800000,123500.00,123598.80,122227.70,122357.00
1760018400000,122357.00,122533.40,120666.90,121235.10
1760022000000,121235.10,121663.00,120595.50,121079.40
1760025600000,121079.40,121426.70,119619.00,119752.10
1760029200000,119752.10,121000.30,119572.80,120915.60
1760032800000,120915.50,121051.20,120319.00,120600.00
1760036400000,120600.00,121060.10,120600.00,120897.60
1760040000000,120897.60,121147.20,120787.90,121045.40
1760043600000,121045.30,121457.20,120998.30,121407.80
1760047200000,121407.90,121712.40,121342.00,121619.50
1760050800000,121619.60,121671.10,121271.30,121579.30
1760054400000,121579.40,121808.00,121523.70,121682.20
1760058000000,121682.20,121835.50,121425.30,121575.30
1760061600000,121575.20,121595.40,120850.00,121007.20
1760065200000,121007.10,121535.30,120852.40,120960.80
1760068800000,120960.80,121342.50,120956.80,121192.70
1760072400000,121192.60,121559.10,120933.70,121529.60
1760076000000,121529.60,121712.20,121194.30,121315.00
1760079600000,121315.10,121336.50,120814.00,120886.10
1760083200000,120886.10,121624.40,120869.20,121570.50
1760086800000,121570.50,121728.30,121209.30,121249.90
1760090400000,121250.00,121489.20,121163.20,121443.40
1760094000000,121443.40,121608.00,121361.80,121493.20
1760097600000,121493.20,121638.70,121353.70,121534.80
1760101200000,121534.80,122497.00,121313.60,121609.10
1760104800000,121609.10,122000.00,120408.10,120436.40
1760108400000,120436.30,120583.70,118424.40,118965.30
1760112000000,118965.20,119403.40,118150.00,118150.00
1760115600000,118150.00,118379.70,117517.60,117590.80
1760119200000,117590.80,117825.20,117161.80,117178.50
1760122800000,117178.50,117300.00,115845.00,116605.30
1760126400000,116605.20,117145.30,112786.60,114198.00
1760130000000,114200.40,115075.60,101516.50,113253.60
1760133600000,113253.60,114071.00,111020.40,113606.30
1760137200000,113606.20,114829.70,112688.00,112714.90
1760140800000,112715.00,113142.70,111580.00,112463.30
1760144400000,112463.30,112489.90,110987.00,111060.00
1760148000000,111060.00,113273.30,111045.50,113175.40
1760151600000,113175.30,113300.10,111750.00,112261.90
1760155200000,112261.60,112931.90,111633.20,112905.30
1760158800000,112905.30,112908.80,111982.50,112338.30
1760162400000,112338.20,112718.90,111982.50,112000.00
1760166000000,112000.10,112050.00,110022.00,110338.70
1760169600000,110338.70,111497.20,110100.50,111273.70
1760173200000,111273.70,111855.50,111212.60,111576.80
1760176800000,111576.90,112214.80,111571.30,112063.20
1760180400000,112063.10,112307.60,111632.00,112224.60
1760184000000,112224.60,112423.00,111976.30,112319.60
1760187600000,112319.60,112466.20,111810.60,112208.60
1760191200000,112208.70,112297.10,111823.80,111934.50
1760194800000,111934.50,112342.20,111740.80,111744.40
1760198400000,111744.40,112046.40,111353.10,111803.80
1760202000000,111803.80,112142.00,111666.00,111944.50
1760205600000,111944.50,111976.00,111776.70,111907.20
1760209200000,111907.20,111980.00,110800.10,111126.70
1760212800000,111126.60,111333.50,109600.00,110184.80
1760216400000,110184.80,110953.80,109501.00,110832.70
1760220000000,110832.60,111247.60,110584.30,110978.80
1760223600000,110978.80,111060.80,110576.80,110579.10
1760227200000,110579.10,110613.70,109509.30,109600.70
1760230800000,109600.70,110275.00,109589.50,109928.60
1760234400000,109928.60,110670.50,109544.20,110072.20
1760238000000,110072.20,111424.00,109950.00,110643.30
1760241600000,110643.30,111909.50,110561.80,111486.10
1760245200000,111486.10,111755.70,111142.80,111642.40
1760248800000,111642.40,112110.00,111546.00,111634.80
1760252400000,111634.90,111884.80,111433.70,111464.00
1760256000000,111463.90,111746.20,111233.00,111244.10
1760259600000,111244.00,111854.00,111070.40,111772.10
1760263200000,111772.20,111963.90,111377.50,111589.70
1760266800000,111589.70,112084.30,111407.10,111783.80
1760270400000,111783.80,112191.50,111470.90,111711.30
1760274000000,111711.30,111877.70,111191.10,111238.10
1760277600000,111238.10,112929.00,111111.00,112260.00
1760281200000,112260.10,113687.60,111996.90,113119.00
1760284800000,113119.00,114654.50,113119.00,113993.40
1760288400000,113993.40,114396.50,113400.00,113729.40
1760292000000,113729.40,114183.10,113463.20,113815.90
1760295600000,113816.00,114346.20,113754.80,114288.70
1760299200000,114288.80,115400.00,114288.70,114864.50
1760302800000,114864.40,115594.60,114200.00,114822.00
1760306400000,114822.00,115730.30,114822.00,115160.70
1760310000000,115160.70,115298.30,114676.10,114894.40
1760313600000,114894.50,115844.80,114703.90,115220.00
1760317200000,115220.00,115700.00,115010.20,115638.00
1760320800000,115638.00,115912.00,114941.00,115275.00
1760324400000,115275.00,115573.70,114566.10,114773.60
1760328000000,114773.50,114958.00,114357.20,114656.60
1760331600000,114656.50,114785.80,114458.10,114570.20
1760335200000,114570.10,115333.20,114369.20,115168.40
1760338800000,115168.40,115500.00,114970.80,115341.70
1760342400000,115341.70,115376.30,115070.10,115193.80
1760346000000,115193.70,115193.80,114682.80,115057.20
1760349600000,115057.20,115098.90,114670.10,114754.80
1760353200000,114754.70,114754.70,113600.50,114129.30
1760356800000,114129.20,114707.00,113871.80,114360.00
1760360400000,114359.90,115488.90,114160.50,115291.50
1760364000000,115291.40,115420.10,113721.20,113973.60
1760367600000,113973.50,114683.50,113917.40,114260.70
1760371200000,114260.80,115139.00,114200.10,114596.60
1760374800000,114596.60,115025.00,114151.00,114990.10
1760378400000,114990.10,115332.70,114653.20,115107.70
1760382000000,115107.70,115827.60,115011.60,115726.60
1760385600000,115726.60,115817.40,115323.90,115656.90
1760389200000,115656.90,115741.30,115491.80,115651.00
1760392800000,115651.10,115777.20,115371.30,115443.30
1760396400000,115443.20,115443.30,114930.10,115111.90
1760400000000,115112.00,115360.20,114800.10,114904.10
1760403600000,114904.00,114937.80,114073.40,114216.20
1760407200000,114216.10,114237.50,113566.10,113566.20
1760410800000,113566.10,113639.00,113210.60,113441.00
1760414400000,113440.90,113534.30,112718.00,113012.90
1760418000000,113012.90,113677.90,112300.10,112438.30
1760421600000,112438.30,112650.00,111302.00,111933.50
1760425200000,111933.40,112147.30,111412.50,111665.20
1760428800000,111665.20,112100.10,111456.00,111748.10
1760432400000,111748.10,111950.00,111002.80,111237.40
1760436000000,111237.40,111286.20,109969.20,110573.90
1760439600000,110573.90,111561.20,110552.30,111241.40
1760443200000,111241.40,111291.90,110675.00,110741.10
1760446800000,110741.20,111313.50,109802.00,110961.40
1760450400000,110961.40,112163.80,110860.80,111369.20
1760454000000,111369.20,112839.90,110998.70,112823.00
1760457600000,112822.90,113233.20,112101.90,112253.10
1760461200000,112253.10,112868.00,111615.10,112690.50
1760464800000,112690.60,113391.40,112576.50,112784.20
1760468400000,112784.10,113480.00,111952.00,112543.90
1760472000000,112543.90,112950.00,112164.60,112939.00
1760475600000,112939.00,113142.80,112634.80,113060.10
1760479200000,113060.10,113557.90,112762.60,113150.10
1760482800000,113150.20,113465.00,112960.50,112983.80
1760486400000,112983.90,113069.70,112543.10,112939.40
1760490000000,112939.50,112964.40,112270.40,112677.60
1760493600000,112677.50,113576.10,112612.40,112763.20
1760497200000,112763.20,112820.00,111758.50,111978.70
1760500800000,111978.70,112435.40,111692.80,112292.40
1760504400000,112292.30,112616.70,112131.30,112378.00
1760508000000,112378.00,112528.30,111834.00,112399.90
1760511600000,112400.00,112637.00,112170.30,112524.30
1760515200000,112524.40,113477.90,112476.30,112899.90
1760518800000,112899.90,113072.20,112317.20,112506.20
1760522400000,112506.10,112603.10,111995.50,112214.20
1760526000000,112214.10,112557.00,111606.10,111841.00
1760529600000,111840.90,112039.50,111312.60,111656.80
1760533200000,111656.70,111961.50,110666.00,111339.00
1760536800000,111338.90,112183.40,110736.10,111000.40
1760540400000,111000.40,111572.70,110320.40,110757.50
1760544000000,110757.40,111089.70,110546.80,110693.40
1760547600000,110693.40,111137.50,110096.90,111133.90
1760551200000,111133.80,111441.00,110770.00,111372.90
1760554800000,111372.90,111500.00,111014.00,111202.70
1760558400000,111202.70,111499.70,110441.70,111049.80
1760562000000,111049.70,111368.50,110429.80,110795.90
1760565600000,110795.90,111333.30,110597.90,110602.20
1760569200000,110602.20,110958.40,110526.30,110699.00
1760572800000,110699.10,110800.00,110300.00,110387.20
1760576400000,110387.10,111290.00,110373.80,111256.80
1760580000000,111256.90,111524.10,110959.00,111464.20
1760583600000,111464.20,111827.50,111200.00,111277.40
1760587200000,111277.50,111626.00,110737.00,110918.40
1760590800000,110918.40,111436.00,110666.00,110881.80
1760594400000,110881.80,111693.40,110845.00,111603.90
1760598000000,111604.00,111711.40,110488.00,110518.20
1760601600000,110518.20,110849.90,110330.40,110760.80
1760605200000,110760.70,111623.00,109403.50,111099.90
1760608800000,111099.90,111677.10,110963.10,111422.30
1760612400000,111422.30,111521.80,110955.00,111363.90
1760616000000,111364.00,111960.00,111276.80,111470.90
1760619600000,111470.80,111507.90,110611.00,110794.70
1760623200000,110794.70,111377.70,109637.80,110466.90
1760626800000,110466.90,110666.60,108250.00,108474.00
1760630400000,108473.90,109212.60,107503.30,109182.90
1760634000000,109182.90,109192.70,108156.00,108220.50
1760637600000,108220.50,108608.90,107625.30,108600.00
1760641200000,108600.00,108700.00,107626.50,108151.30
1760644800000,108151.20,108391.50,107350.00,107796.40
1760648400000,107796.40,108404.60,107520.60,108374.50
1760652000000,108374.60,108450.40,107712.20,107738.50
1760655600000,107738.50,108376.20,107666.00,108129.40
1760659200000,108129.40,108795.00,107885.60,108738.10
1760662800000,108737.30,109050.00,108437.60,108774.20
1760666400000,108774.30,109046.20,108322.10,108916.60
1760670000000,108916.60,109199.80,108832.40,109121.80
1760673600000,109121.90,109182.90,108715.60,108729.70
1760677200000,108729.70,108863.50,108250.00,108327.90
1760680800000,108328.00,108471.40,106600.00,106699.10
1760684400000,106699.10,106864.90,105457.40,105578.30
1760688000000,105578.30,105660.00,104383.30,104845.10
1760691600000,104845.20,105581.30,104480.40,104487.50
1760695200000,104487.50,104885.30,103470.00,104728.50
1760698800000,104728.40,106666.60,104617.40,105610.50
1760702400000,105610.50,105998.00,105154.60,105283.80
1760706000000,105283.80,106126.20,104795.00,105769.90
1760709600000,105770.00,105934.40,104489.50,105110.90
1760713200000,105110.90,106800.00,105044.80,106750.10
1760716800000,106750.00,107505.00,106200.00,106331.20
1760720400000,106331.10,106688.70,106016.60,106405.30
1760724000000,106405.20,107058.80,106405.20,106600.10
1760727600000,106600.10,106849.90,106183.30,106416.40
1760731200000,106416.50,107134.80,106296.30,106970.00
1760734800000,106968.60,107370.00,106952.00,107232.60
1760738400000,107232.60,107355.30,106737.30,106929.70
1760742000000,106929.60,106929.80,106325.00,106378.60
1760745600000,106378.50,106786.70,106270.00,106783.00
1760749200000,106783.00,107248.00,106757.40,107095.80
1760752800000,107095.80,107250.00,106435.00,106540.50
1760756400000,106540.50,107084.90,106517.80,107025.00
1760760000000,107024.90,107025.00,106374.20,106405.50
1760763600000,106405.50,106790.10,106405.50,106755.40
1760767200000,106755.40,106896.00,106653.80,106801.30
1760770800000,106801.30,107452.60,106570.60,106648.30
1760774400000,106648.20,106925.80,106550.00,106663.20
1760778000000,106663.30,106887.40,106568.00,106834.50
1760781600000,106834.50,107089.90,106721.70,106859.70
1760785200000,106859.60,107187.90,106708.60,107151.00
1760788800000,107151.00,107248.00,106901.70,107001.10
1760792400000,107001.00,107043.50,106750.10,106836.70
1760796000000,106836.60,107074.30,106669.00,106978.40
1760799600000,106978.50,107099.90,106763.60,106893.20
1760803200000,106893.30,107007.90,106410.80,106601.30
1760806800000,106601.40,106900.00,106510.30,106822.80
1760810400000,106822.90,106876.00,106669.20,106792.40
1760814000000,106792.30,107047.50,106712.60,107023.00
1760817600000,107023.00,107298.70,106927.20,106957.50
1760821200000,106957.60,107185.00,106788.40,107116.40
1760824800000,107116.50,107229.60,107005.60,107061.90
1760828400000,107061.80,107140.30,106952.60,107117.50
1760832000000,107117.50,107217.00,106692.20,106833.40
1760835600000,106833.40,106933.00,106666.90,106910.70
1760839200000,106910.80,106947.00,106750.00,106796.70
1760842800000,106796.70,107333.00,106750.00,107221.90
1760846400000,107221.90,107241.50,106911.40,106989.60
1760850000000,106989.50,107130.10,106753.70,106846.10
1760853600000,106846.00,106865.70,106503.30,106726.70
1760857200000,106726.80,106876.20,106650.00,106733.30
1760860800000,106733.30,107180.00,106200.00,106401.20
1760864400000,106401.20,108214.80,106055.80,107348.80
1760868000000,107348.90,107825.00,106912.00,107824.90
1760871600000,107824.90,108200.00,107577.70,107730.60
1760875200000,107730.60,107796.20,107381.10,107605.30
1760878800000,107605.30,108176.80,107312.20,108035.30
1760882400000,108035.30,108483.00,107827.50,108360.90
1760886000000,108360.90,108575.60,108270.10,108429.50
1760889600000,108429.60,108900.00,108175.60,108561.90
1760893200000,108561.80,109399.90,108551.10,109036.30
1760896800000,109036.30,109382.10,108969.70,109315.40
1760900400000,109315.30,109315.40,108713.00,108850.00
1760904000000,108850.10,108939.00,108751.80,108790.60
1760907600000,108790.60,108817.60,108556.40,108691.20
1760911200000,108691.30,109340.70,108691.30,109088.90
1760914800000,109088.80,109088.90,108366.40,108586.20
1760918400000,108586.20,108586.20,107377.20,108011.10
1760922000000,108011.10,108257.30,107841.70,108011.80
1760925600000,108011.90,108935.80,107801.90,108714.30
1760929200000,108714.30,110404.30,108511.90,110100.40
1760932800000,110100.30,110490.40,109875.00,110369.30
1760936400000,110369.20,111074.20,110232.10,110973.60
1760940000000,110973.70,111321.50,110933.50,111232.10
1760943600000,111232.10,111350.00,111000.00,111126.20
1760947200000,111126.20,111650.00,110888.00,111031.40
1760950800000,111031.40,111151.40,110650.00,110921.00
1760954400000,110920.90,111061.30,110595.10,110692.10
1760958000000,110692.00,110988.00,110552.30,110969.50
1760961600000,110969.50,111191.20,110728.60,110796.40
1760965200000,110796.30,111173.30,110522.90,111098.30
1760968800000,111098.40,111350.00,110657.90,111153.40
1760972400000,111153.30,111649.00,110936.00,111079.10
1760976000000,111079.20,111255.00,110050.00,110634.30
1760979600000,110634.30,111042.50,109800.00,110244.10
1760983200000,110244.20,110927.30,110160.00,110877.70
1760986800000,110877.70,111047.50,110466.00,110735.00
1760990400000,110735.10,111215.30,110585.30,111037.20
1760994000000,111037.20,111197.00,110385.00,110506.90
1760997600000,110506.80,110808.80,110355.00,110731.50
1761001200000,110731.50,110765.80,110458.10,110469.90
1761004800000,110469.90,110486.30,110097.40,110399.00
1761008400000,110399.10,110438.90,109345.00,109804.20
1761012000000,109804.20,109866.00,109250.00,109459.30
1761015600000,109459.30,109572.30,109005.00,109005.00
1761019200000,109005.10,109005.10,107592.00,107743.40
1761022800000,107743.50,107943.50,107400.00,107498.00
1761026400000,107498.00,108183.30,107450.20,107868.40
1761030000000,107868.20,108154.00,107585.60,108020.00
1761033600000,108019.90,108044.20,107432.80,107649.70
1761037200000,107649.70,107820.00,107496.00,107708.70
1761040800000,107708.60,108772.40,107524.30,108445.40
1761044400000,108445.30,108600.00,108102.30,108519.40
1761048000000,108519.40,109439.80,108414.00,108733.80
1761051600000,108733.70,108852.80,107677.00,108384.40
1761055200000,108384.40,112292.10,108352.50,112127.50
1761058800000,112127.60,113480.00,111643.10,113355.20
1761062400000,113355.20,113940.00,112400.00,112507.20
1761066000000,112507.50,112947.80,111730.50,111960.10
1761069600000,111960.20,112261.20,111255.90,111934.50
1761073200000,111934.50,112147.40,111501.70,111720.70
1761076800000,111720.70,111747.70,110468.00,110733.00
1761080400000,110733.00,111068.70,110016.30,110772.60
1761084000000,110772.50,110772.50,108005.00,109008.00
1761087600000,109008.00,109367.00,108000.00,108253.70
1761091200000,108253.80,108600.00,107777.10,107930.10
1761094800000,107930.10,108417.60,107930.00,108313.60
1761098400000,108313.60,108649.40,108159.30,108159.30
1761102000000,108159.30,108184.00,107802.30,108174.10
1761105600000,108174.00,108570.70,108106.80,108554.40
1761109200000,108554.50,108581.90,107821.60,108118.70
1761112800000,108118.70,108300.00,107889.50,107936.70
1761116400000,107936.70,108284.20,107558.10,108284.10
1761120000000,108284.10,108313.80,108035.60,108171.20
1761123600000,108171.20,108235.40,107708.20,107907.90
1761127200000,107907.90,108079.00,107588.00,107613.50
1761130800000,107613.50,108188.90,106360.30,107501.70
1761134400000,107501.70,108349.10,107389.40,107976.90
1761138000000,107976.90,109000.00,107550.40,108728.00
1761141600000,108728.10,108990.00,107415.10,108912.70
1761145200000,108913.20,109160.00,107706.00,108369.90
1761148800000,108369.80,108780.00,107805.00,108177.40
1761152400000,108177.50,108310.90,107526.30,107743.40
1761156000000,107743.30,108181.40,107416.10,107987.80
1761159600000,107987.70,108379.30,107491.80,107829.00
1761163200000,107829.10,108032.00,107453.90,107644.40
1761166800000,107644.40,107694.60,106588.00,107159.80
1761170400000,107159.70,107650.20,106849.80,107142.60
1761174000000,107142.60,107898.90,107110.40,107532.00
1761177600000,107532.10,107954.50,107462.90,107815.70
1761181200000,107815.60,108500.00,107769.10,108107.70
1761184800000,108107.60,108370.00,108010.80,108370.00
1761188400000,108370.00,108660.00,108276.70,108322.20
1761192000000,108322.20,108887.90,108290.30,108581.90
1761195600000,108581.90,108939.70,108557.60,108894.10
1761199200000,108894.10,110275.90,108791.90,110180.20
1761202800000,110180.20,110214.70,109151.80,109228.60
1761206400000,109228.60,109867.70,109204.70,109459.30
1761210000000,109459.20,109492.40,109064.60,109388.20
1761213600000,109388.10,109664.70,109316.00,109383.70
1761217200000,109383.70,109609.40,109021.30,109218.50
1761220800000,109218.50,109218.50,108639.40,109135.00
1761224400000,109134.90,109584.80,108750.30,109450.00
1761228000000,109450.00,109851.60,108647.40,109544.20
1761231600000,109544.30,110088.00,109428.30,109849.00
1761235200000,109849.00,110551.20,109581.70,110197.80
1761238800000,110197.80,111240.00,109575.90,111175.20
1761242400000,111175.60,111235.60,110199.30,110518.10
1761246000000,110518.20,110579.70,110041.60,110137.80
1761249600000,110137.90,110145.80,109260.00,109469.90
1761253200000,109470.00,109677.90,109313.60,109493.30
1761256800000,109493.20,110143.90,109467.50,109890.00
1761260400000,109890.00,110050.20,109782.70,110025.90
1761264000000,110026.00,110698.40,109927.80,110443.10
1761267600000,110443.20,110621.80,110075.10,110534.90
1761271200000,110534.90,110839.90,110284.80,110514.90
1761274800000,110515.00,110587.90,110220.00,110399.90
1761278400000,110399.90,111488.00,110274.40,111117.70
1761282000000,111117.70,111267.60,110880.50,111193.00
1761285600000,111193.10,111450.00,111063.40,111413.20
1761289200000,111413.20,111498.80,110723.90,111013.70
1761292800000,111013.70,111193.80,110648.40,111045.80
1761296400000,111045.80,111438.30,110946.10,111280.00
1761300000000,111280.10,111280.10,111000.00,111063.40
1761303600000,111063.50,111229.90,110496.50,111006.70
1761307200000,111006.70,112086.00,110808.40,111247.50
1761310800000,111247.50,111386.40,110316.00,110884.60
1761314400000,110884.60,110884.60,109650.00,110177.70
1761318000000,110177.80,110616.90,109832.10,110009.80
1761321600000,110009.90,110346.40,109752.80,110222.30
1761325200000,110222.30,110538.00,110138.60,110173.70
1761328800000,110173.70,110600.00,110104.50,110557.40
1761332400000,110557.50,110907.10,110473.30,110571.30
1761336000000,110571.40,110989.30,110431.00,110853.00
1761339600000,110853.00,111068.80,110530.00,111029.10
1761343200000,111029.10,111088.00,110869.60,110964.30
1761346800000,110964.30,111084.60,110823.90,110965.40
1761350400000,110965.40,111000.00,110600.50,110720.70
1761354000000,110720.70,111187.50,110700.00,111026.70
1761357600000,111026.70,111081.40,110902.00,110976.40
1761361200000,110976.50,111083.10,110935.80,110962.30
1761364800000,110962.30,111487.60,110962.30,111163.30
1761368400000,111163.30,111397.30,111030.40,111334.70
1761372000000,111334.80,111447.60,111200.00,111308.70
1761375600000,111308.80,111775.10,111308.70,111445.40
1761379200000,111445.50,111767.00,111430.00,111716.00
1761382800000,111716.00,111789.40,111432.00,111471.00
1761386400000,111470.90,111680.00,111328.00,111515.40
1761390000000,111515.40,111626.50,111432.00,111522.70
1761393600000,111522.60,111903.90,111478.30,111871.50
1761397200000,111871.40,111880.30,111466.00,111626.90
1761400800000,111626.80,111725.00,111450.00,111546.60
1761404400000,111546.50,111546.60,111255.20,111340.90
1761408000000,111341.00,111445.20,111094.40,111323.40
1761411600000,111323.40,111420.00,111230.60,111322.00
1761415200000,111322.00,111686.00,111263.00,111668.20
1761418800000,111668.10,111684.30,111519.90,111574.90
1761422400000,111574.90,111607.90,111315.20,111385.20
1761426000000,111385.10,111433.40,111291.00,111430.00
1761429600000,111430.00,111640.10,111360.00,111567.20
1761433200000,111567.30,111623.60,111471.60,111589.40
1761436800000,111589.40,111866.70,111479.30,111654.40
1761440400000,111654.40,111799.00,111455.90,111589.60
1761444000000,111589.50,111636.30,111353.20,111404.60
1761447600000,111404.60,111454.50,111200.00,111210.10
1761451200000,111210.10,111434.80,111200.20,111378.40
1761454800000,111378.40,111600.00,111300.00,111554.30
1761458400000,111554.40,111630.60,111485.00,111574.30
1761462000000,111574.40,111677.90,111557.70,111672.80
1761465600000,111672.90,111797.00,111672.80,111716.20
1761469200000,111716.20,112765.30,111650.30,112477.90
1761472800000,112478.00,112523.70,112130.00,112425.20
1761476400000,112425.20,113442.50,112368.80,113235.20
1761480000000,113235.10,113800.00,113221.50,113530.70
1761483600000,113530.70,114000.00,113224.40,113669.40
1761487200000,113669.40,113850.00,113450.70,113515.20
1761490800000,113515.30,113700.00,113378.30,113648.10
1761494400000,113648.00,113730.70,113231.20,113463.30
1761498000000,113463.30,113720.70,113389.50,113397.10
1761501600000,113397.10,113774.50,113397.10,113540.80
1761505200000,113540.80,113681.30,113456.60,113546.30
1761508800000,113546.20,113546.20,113244.20,113267.80
1761512400000,113267.90,113550.00,112800.00,113457.50
1761516000000,113457.50,115521.70,113457.50,114631.80
1761519600000,114631.70,114923.30,114321.00,114497.80
1761523200000,114497.90,115129.10,114300.00,114705.00
1761526800000,114705.00,115343.10,114650.00,115217.80
1761530400000,115217.70,115407.70,114769.30,114831.10
1761534000000,114831.00,115222.60,114781.10,114927.70
1761537600000,114927.80,115254.00,114925.60,115215.50
1761541200000,115215.50,115629.40,115215.40,115511.10
1761544800000,115511.10,116098.90,115309.00,116008.80
1761548400000,116008.90,116380.20,115459.40,115522.50
1761552000000,115522.40,115575.10,114860.00,114990.20
1761555600000,114990.10,115334.60,114780.20,115204.70
1761559200000,115204.80,115526.30,115068.00,115411.80
1761562800000,115411.90,115497.00,115063.30,115302.30
1761566400000,115302.30,115385.70,114920.20,115016.40
1761570000000,115016.30,115370.80,114530.70,115210.40
1761573600000,115210.30,115311.30,114433.00,114751.00
1761577200000,114750.80,115195.50,114717.50,114914.40
1761580800000,114914.50,115599.90,114818.10,115438.10
1761584400000,115438.10,115700.00,115251.60,115647.40
1761588000000,115647.30,115744.80,115251.90,115277.90
1761591600000,115277.90,115278.10,114712.40,114894.90
1761595200000,114894.80,114894.80,114349.90,114405.40
1761598800000,114405.40,114602.60,114067.50,114258.10
1761602400000,114258.00,114555.10,114012.00,114078.90
1761606000000,114078.90,114180.20,113792.40,114064.10
1761609600000,114064.20,114331.30,113710.00,113921.60
1761613200000,113921.50,114500.10,113921.50,114377.60
1761616800000,114377.50,114428.30,113477.50,113878.40
1761620400000,113878.40,114066.00,113661.90,113863.90
1761624000000,113864.00,114034.00,113706.80,113914.20
1761627600000,113914.10,113949.00,113422.00,113561.90
1761631200000,113561.80,114140.70,113561.80,114060.10
1761634800000,114060.10,114320.60,114039.00,114128.70
1761638400000,114128.80,114430.30,114058.00,114370.50
1761642000000,114370.50,114588.00,114138.00,114470.00
1761645600000,114470.00,114555.00,114364.70,114543.50
1761649200000,114543.40,114619.20,114217.20,114290.70
1761652800000,114290.60,114467.60,114080.80,114402.20
1761656400000,114402.10,115470.00,114402.10,115469.90
1761660000000,115470.00,116074.30,114130.70,115021.80
1761663600000,115021.80,115354.20,114444.00,114571.90
1761667200000,114571.70,115450.10,114468.00,115296.10
1761670800000,115296.10,115554.50,115170.20,115246.70
1761674400000,115246.60,115324.50,114589.10,114971.10
1761678000000,114971.10,115040.90,113500.00,113629.00
1761681600000,113629.00,113647.40,112268.10,112744.60
1761685200000,112744.60,113166.00,112121.40,112935.50
1761688800000,112935.40,113233.00,112768.00,113164.20
1761692400000,113164.20,113164.20,112716.70,112833.50
1761696000000,112833.50,112871.30,112371.10,112382.50
1761699600000,112382.50,112927.50,112036.10,112435.40
1761703200000,112435.40,112743.30,112352.20,112617.90
1761706800000,112617.90,112617.90,112276.00,112459.60
1761710400000,112459.60,112843.00,112443.50,112755.60
1761714000000,112755.50,113320.00,112750.00,112987.00
1761717600000,112987.00,113309.00,112909.50,113232.10
1761721200000,113232.10,113525.00,113168.60,113511.90
1761724800000,113512.00,113581.70,112888.00,113005.40
1761728400000,113005.30,113043.60,112700.00,112935.20
1761732000000,112935.20,113154.40,112666.00,112810.30
1761735600000,112810.40,113210.00,112692.40,113084.50
1761739200000,113084.60,113281.60,113001.20,113102.50
1761742800000,113102.40,113593.00,112647.20,112824.70
1761746400000,112824.70,112874.20,112190.80,112438.90
1761750000000,112439.00,112517.00,111326.50,111460.60
1761753600000,111460.70,111480.30,110888.00,111060.00
1761757200000,111060.00,111872.70,110941.60,111819.30
1761760800000,111819.30,111963.00,109026.40,110743.00
1761764400000,110743.00,111398.30,110100.00,110605.60
1761768000000,110605.90,111494.10,110342.10,111372.00
1761771600000,111371.90,111744.00,111318.30,111558.30
1761775200000,111558.20,111562.80,110900.20,110974.90
1761778800000,110974.90,111023.30,109686.40,109985.60
1761782400000,109985.60,110524.60,109670.60,110496.30
1761786000000,110496.30,110675.00,110189.00,110405.50
1761789600000,110405.50,110957.90,110251.40,110925.80
1761793200000,110925.90,110940.70,110460.70,110694.50
1761796800000,110694.40,110694.50,107817.30,108503.70
1761800400000,108503.70,110385.00,108366.00,110199.70
1761804000000,110199.70,110933.00,109917.20,110720.00
1761807600000,110720.10,111565.10,110601.70,111313.50
1761811200000,111313.60,111400.00,110594.60,110649.60
1761814800000,110649.60,110749.80,110058.50,110129.50
1761818400000,110129.60,110193.40,109752.40,110055.20
1761822000000,110055.20,110103.00,109638.60,109666.00
1761825600000,109665.90,109736.30,108216.50,108337.80
1761829200000,108337.90,108682.00,107350.00,107582.20
1761832800000,107582.20,108320.90,107564.80,108212.10
1761836400000,108212.10,108292.20,107254.10,107670.60
1761840000000,107670.50,108184.00,107516.10,108100.00
1761843600000,108100.00,108113.50,106745.30,107446.30
1761847200000,107446.20,107521.50,106736.80,106793.70
1761850800000,106793.70,107122.10,106200.00,106495.10
1761854400000,106494.30,107600.00,106257.00,107441.20
1761858000000,107441.20,107886.60,107333.70,107847.70
1761861600000,107847.70,107865.60,107396.70,107858.70
1761865200000,107858.60,108300.00,107530.30,108263.50
1761868800000,108263.60,109583.40,108226.60,109276.30
1761872400000,109276.30,110014.40,109122.90,109585.30
1761876000000,109585.30,109644.10,108511.70,108816.30
1761879600000,108816.30,109287.00,108568.70,109186.20
1761883200000,109186.30,110200.00,109062.70,110052.50
1761886800000,110052.50,110052.50,109645.30,109856.60
1761890400000,109856.60,109930.40,109470.90,109604.20
1761894000000,109604.20,109785.60,109209.30,109400.10
1761897600000,109400.00,110064.10,109159.00,110013.00
1761901200000,110013.00,110410.00,109761.00,109813.30
1761904800000,109813.30,110083.90,109665.40,109780.10
1761908400000,109780.20,110500.00,109408.60,110375.70
1761912000000,110375.70,110666.00,109566.70,109610.70
1761915600000,109610.70,110200.00,109308.10,110120.90
1761919200000,110120.80,111100.00,109541.00,110750.50
1761922800000,110750.50,111233.00,110081.90,110160.10
1761926400000,110160.10,110273.20,108627.20,108812.90
1761930000000,108812.80,109387.20,108600.00,109269.50
1761933600000,109269.50,109837.40,108919.50,109415.80
1761937200000,109415.70,110231.00,109076.50,109802.80
1761940800000,109802.70,109802.70,109405.20,109455.40
1761944400000,109455.40,109718.70,109277.70,109530.10
1761948000000,109530.20,109770.30,109436.10,109543.00
1761951600000,109543.00,109641.90,109475.60,109557.30
